-- phpMyAdmin SQL Dump
-- version 5.0.4
-- https://www.phpmyadmin.net/
--
-- Host: 127.0.0.1
-- Generation Time: Jun 29, 2025 at 09:20 PM
-- Server version: 10.4.17-MariaDB
-- PHP Version: 8.0.0

SET SQL_MODE = "NO_AUTO_VALUE_ON_ZERO";
START TRANSACTION;
SET time_zone = "+00:00";


/*!40101 SET @OLD_CHARACTER_SET_CLIENT=@@CHARACTER_SET_CLIENT */;
/*!40101 SET @OLD_CHARACTER_SET_RESULTS=@@CHARACTER_SET_RESULTS */;
/*!40101 SET @OLD_COLLATION_CONNECTION=@@COLLATION_CONNECTION */;
/*!40101 SET NAMES utf8mb4 */;

--
-- Database: `sms01`
--

-- --------------------------------------------------------

--
-- Table structure for table `cache`
--

CREATE TABLE `cache` (
  `key` varchar(255) COLLATE utf8mb4_unicode_ci NOT NULL,
  `value` mediumtext COLLATE utf8mb4_unicode_ci NOT NULL,
  `expiration` int(11) NOT NULL
) ENGINE=InnoDB DEFAULT CHARSET=utf8mb4 COLLATE=utf8mb4_unicode_ci;

--
-- Dumping data for table `cache`
--

INSERT INTO `cache` (`key`, `value`, `expiration`) VALUES
('0b5ed025495008a307f6b06dd1e4cce2', 'i:1;', 1751213364),
('0b5ed025495008a307f6b06dd1e4cce2:timer', 'i:1751213364;', 1751213364),
('912e485d614769544276f0eebc485dc7', 'i:1;', 1750993928),
('912e485d614769544276f0eebc485dc7:timer', 'i:1750993928;', 1750993928),
('c525a5357e97fef8d3db25841c86da1a', 'i:1;', 1751111233),
('c525a5357e97fef8d3db25841c86da1a:timer', 'i:1751111233;', 1751111233),
('fa8a0353e83e7b46480f17255d6eccb2', 'i:1;', 1750993246),
('fa8a0353e83e7b46480f17255d6eccb2:timer', 'i:1750993246;', 1750993246);

-- --------------------------------------------------------

--
-- Table structure for table `cache_locks`
--

CREATE TABLE `cache_locks` (
  `key` varchar(255) COLLATE utf8mb4_unicode_ci NOT NULL,
  `owner` varchar(255) COLLATE utf8mb4_unicode_ci NOT NULL,
  `expiration` int(11) NOT NULL
) ENGINE=InnoDB DEFAULT CHARSET=utf8mb4 COLLATE=utf8mb4_unicode_ci;

-- --------------------------------------------------------

--
-- Table structure for table `category`
--

CREATE TABLE `category` (
  `iD_Auto` smallint(5) UNSIGNED NOT NULL,
  `category_Name` varchar(255) COLLATE utf8mb4_unicode_ci NOT NULL,
  `description` varchar(255) COLLATE utf8mb4_unicode_ci NOT NULL,
  `created_at` timestamp NULL DEFAULT NULL,
  `updated_at` timestamp NULL DEFAULT NULL,
  `status` tinyint(1) NOT NULL DEFAULT 1
) ENGINE=InnoDB DEFAULT CHARSET=utf8mb4 COLLATE=utf8mb4_unicode_ci;

--
-- Dumping data for table `category`
--

INSERT INTO `category` (`iD_Auto`, `category_Name`, `description`, `created_at`, `updated_at`, `status`) VALUES
(1, 'EL', 'Electric Item', NULL, NULL, 1),
(3, 'EN', 'Engine Item', NULL, NULL, 1),
(4, 'SP', 'Spare Part', NULL, NULL, 1),
(5, 'Oil', 'Oil', NULL, NULL, 1),
(6, 'MOD', 'Modify Item', NULL, NULL, 1);

-- --------------------------------------------------------

--
-- Table structure for table `customers`
--

CREATE TABLE `customers` (
  `id` bigint(20) UNSIGNED NOT NULL,
  `custom_id` varchar(255) COLLATE utf8mb4_unicode_ci NOT NULL,
  `name` varchar(255) COLLATE utf8mb4_unicode_ci NOT NULL,
  `phone` varchar(255) COLLATE utf8mb4_unicode_ci DEFAULT NULL,
  `email` varchar(255) COLLATE utf8mb4_unicode_ci DEFAULT NULL,
  `nic` varchar(255) COLLATE utf8mb4_unicode_ci DEFAULT NULL,
  `group_name` varchar(255) COLLATE utf8mb4_unicode_ci NOT NULL DEFAULT 'All Groups',
  `address` text COLLATE utf8mb4_unicode_ci DEFAULT NULL,
  `balance_credit` decimal(12,2) NOT NULL DEFAULT 0.00,
  `last_visit` datetime DEFAULT NULL,
  `user_id` bigint(20) UNSIGNED DEFAULT NULL,
  `status` tinyint(1) NOT NULL DEFAULT 1,
  `created_at` timestamp NULL DEFAULT NULL,
  `updated_at` timestamp NULL DEFAULT NULL
) ENGINE=InnoDB DEFAULT CHARSET=utf8mb4 COLLATE=utf8mb4_unicode_ci;

--
-- Dumping data for table `customers`
--

INSERT INTO `customers` (`id`, `custom_id`, `name`, `phone`, `email`, `nic`, `group_name`, `address`, `balance_credit`, `last_visit`, `user_id`, `status`, `created_at`, `updated_at`) VALUES
(1, 'CUST000001', 'Manura Madhushan', '0713698026', 'madhushanm99@gmail.com', '990890056V', 'All Groups', '150/7 Golden Grow, Kospalwainna', '0.00', NULL, NULL, 1, '2025-06-14 00:54:42', '2025-06-14 00:54:42'),
(2, 'CUST000002', 'Manura Madhushan', '0713698026', 'madhushanm@99gmail.com', '990890056V', 'All Groups', '150/7 Golden Grow, Kospalwainna', '0.00', NULL, NULL, 1, '2025-06-14 00:56:54', '2025-06-14 00:56:54'),
(3, 'CUST000003', 'Manura Madhushan', '0713698026', 'madhushanm99@gmail.com', '990890056v', 'All Groups', '150/7 Golden Grow, Kospalwainna', '0.00', NULL, NULL, 1, '2025-06-14 01:02:55', '2025-06-14 01:02:55'),
(4, 'CUST000004', 'Manura Madhushan', '0713697025', 'madhushanm991@gmail.com', '911511970v', 'All Groups', '150/7 Golden Grow, Kospalwainna', '0.00', NULL, NULL, 1, '2025-06-14 01:24:53', '2025-06-15 15:25:08'),
(5, 'CUST000005', 'Manura Madhushan', '0713698027', 'madhushanm919@gmail.com', '990898056v', 'All Groups', '150/7 Golden Grow, Kospalwainna', '0.00', NULL, NULL, 1, '2025-06-15 15:39:00', '2025-06-15 15:39:00'),
(6, 'CUST000006', 'Jagath perera', '0713698085', 'jagath99@gmail.com', '990890089v', 'All Groups', '150/7 Kospelwinna', '0.00', NULL, NULL, 1, '2025-06-16 19:37:57', '2025-06-16 19:37:57'),
(7, 'CUST000007', 'Nuwan Chandima', '0713698058', 'nuwan@gmail.com', '990890054v', 'All Groups', '150/7, Golden Grow , Kospelawinna,', '0.00', NULL, NULL, 1, '2025-06-29 12:36:28', '2025-06-29 12:36:28');

-- --------------------------------------------------------

--
-- Table structure for table `failed_jobs`
--

CREATE TABLE `failed_jobs` (
  `id` bigint(20) UNSIGNED NOT NULL,
  `uuid` varchar(255) COLLATE utf8mb4_unicode_ci NOT NULL,
  `connection` text COLLATE utf8mb4_unicode_ci NOT NULL,
  `queue` text COLLATE utf8mb4_unicode_ci NOT NULL,
  `payload` longtext COLLATE utf8mb4_unicode_ci NOT NULL,
  `exception` longtext COLLATE utf8mb4_unicode_ci NOT NULL,
  `failed_at` timestamp NOT NULL DEFAULT current_timestamp()
) ENGINE=InnoDB DEFAULT CHARSET=utf8mb4 COLLATE=utf8mb4_unicode_ci;

-- --------------------------------------------------------

--
-- Table structure for table `grn`
--

CREATE TABLE `grn` (
  `grn_id` smallint(5) UNSIGNED NOT NULL,
  `grn_no` varchar(255) COLLATE utf8mb4_unicode_ci NOT NULL,
  `grn_date` date NOT NULL,
  `po_Auto_ID` smallint(5) UNSIGNED DEFAULT NULL,
  `po_No` varchar(255) COLLATE utf8mb4_unicode_ci DEFAULT NULL,
  `supp_Cus_ID` varchar(255) COLLATE utf8mb4_unicode_ci DEFAULT NULL,
  `invoice_no` varchar(255) COLLATE utf8mb4_unicode_ci DEFAULT NULL,
  `invoice_date` date DEFAULT NULL,
  `received_by` varchar(255) COLLATE utf8mb4_unicode_ci DEFAULT NULL,
  `note` varchar(255) COLLATE utf8mb4_unicode_ci DEFAULT NULL,
  `status` tinyint(1) NOT NULL DEFAULT 1,
  `created_at` timestamp NULL DEFAULT NULL,
  `updated_at` timestamp NULL DEFAULT NULL
) ENGINE=InnoDB DEFAULT CHARSET=utf8mb4 COLLATE=utf8mb4_unicode_ci;

--
-- Dumping data for table `grn`
--

INSERT INTO `grn` (`grn_id`, `grn_no`, `grn_date`, `po_Auto_ID`, `po_No`, `supp_Cus_ID`, `invoice_no`, `invoice_date`, `received_by`, `note`, `status`, `created_at`, `updated_at`) VALUES
(2, 'GRN000001', '2025-06-14', NULL, NULL, 'DPMC', '151515', '2025-06-13', 'Manura Madhushan', NULL, 1, '2025-06-13 19:04:56', '2025-06-13 19:05:15'),
(3, 'GRN000002', '2025-06-14', NULL, NULL, 'DPMC', '151518', '2025-06-14', 'Manura Madhushan', NULL, 1, '2025-06-13 19:38:20', '2025-06-13 19:38:20'),
(4, 'GRN000003', '2025-06-17', NULL, NULL, 'DnD', 'inv1589', '2025-06-17', 'Admin', NULL, 1, '2025-06-16 19:43:27', '2025-06-16 19:43:27');

-- --------------------------------------------------------

--
-- Table structure for table `grn_items`
--

CREATE TABLE `grn_items` (
  `grn_item_id` bigint(20) UNSIGNED NOT NULL,
  `grn_id` smallint(5) UNSIGNED NOT NULL,
  `item_ID` varchar(255) COLLATE utf8mb4_unicode_ci NOT NULL,
  `item_Name` varchar(255) COLLATE utf8mb4_unicode_ci NOT NULL,
  `qty_received` int(11) NOT NULL,
  `price` double NOT NULL,
  `line_total` double NOT NULL,
  `remarks` varchar(255) COLLATE utf8mb4_unicode_ci DEFAULT NULL,
  `created_at` timestamp NULL DEFAULT NULL,
  `updated_at` timestamp NULL DEFAULT NULL,
  `cost_value` decimal(10,2) NOT NULL DEFAULT 0.00,
  `discount` decimal(5,2) DEFAULT NULL
) ENGINE=InnoDB DEFAULT CHARSET=utf8mb4 COLLATE=utf8mb4_unicode_ci;

--
-- Dumping data for table `grn_items`
--

INSERT INTO `grn_items` (`grn_item_id`, `grn_id`, `item_ID`, `item_Name`, `qty_received`, `price`, `line_total`, `remarks`, `created_at`, `updated_at`, `cost_value`, `discount`) VALUES
(2, 2, 'EO', '20W /50 1L APPROVED  ENGINE OIL', 5, 2500, 12500, NULL, '2025-06-13 19:04:56', '2025-06-13 19:04:56', '0.00', NULL),
(3, 3, 'DD121181', 'OIL FILTER WITH SPRING', 10, 450, 4500, NULL, '2025-06-13 19:38:20', '2025-06-13 19:38:20', '0.00', NULL),
(4, 4, 'EO', '20W /50 1L APPROVED  ENGINE OIL', 5, 2500, 12500, NULL, '2025-06-16 19:43:27', '2025-06-16 19:43:27', '0.00', NULL),
(5, 4, 'DJ151089', 'Spocket', 5, 500, 2500, NULL, '2025-06-16 19:43:27', '2025-06-16 19:43:27', '0.00', NULL);

-- --------------------------------------------------------

--
-- Table structure for table `item`
--

CREATE TABLE `item` (
  `item_ID_Auto` smallint(5) UNSIGNED NOT NULL,
  `item_ID` varchar(255) COLLATE utf8mb4_unicode_ci NOT NULL,
  `item_Name` varchar(255) COLLATE utf8mb4_unicode_ci NOT NULL,
  `product_Type` varchar(255) COLLATE utf8mb4_unicode_ci NOT NULL,
  `catagory_Name` varchar(255) COLLATE utf8mb4_unicode_ci NOT NULL,
  `sales_Price` decimal(15,2) NOT NULL,
  `units` double NOT NULL,
  `unitofMeture` varchar(255) COLLATE utf8mb4_unicode_ci NOT NULL,
  `location` varchar(255) COLLATE utf8mb4_unicode_ci NOT NULL,
  `created_at` timestamp NULL DEFAULT NULL,
  `updated_at` timestamp NULL DEFAULT NULL,
  `status` tinyint(1) NOT NULL DEFAULT 1
) ENGINE=InnoDB DEFAULT CHARSET=utf8mb4 COLLATE=utf8mb4_unicode_ci;

--
-- Dumping data for table `item`
--

INSERT INTO `item` (`item_ID_Auto`, `item_ID`, `item_Name`, `product_Type`, `catagory_Name`, `sales_Price`, `units`, `unitofMeture`, `location`, `created_at`, `updated_at`, `status`) VALUES
(1, '36DJ4031', 'KIT END -KIT MJR MAST CYL & GR\r\n', 'Genuine', 'SP', '1070.00', 1, 'Item', '', NULL, NULL, 1),
(2, 'EO', '20W /50 1L APPROVED  ENGINE OIL', 'After Marcket', 'Oil', '2500.00', 1, 'L', 'Rack002', '2025-06-04 15:38:45', '2025-06-04 15:38:45', 1),
(3, 'DD121181', 'OIL FILTER WITH SPRING', 'Genuine', 'Spare', '450.00', 1, 'Item', 'Rack003', '2025-06-04 15:39:23', '2025-06-04 15:39:23', 1),
(4, 'AA121006', 'OIL FILTER ELEMENT 3W', 'Genuine', 'Spare', '350.00', 1, 'Item', 'Rack004', '2025-06-04 15:40:02', '2025-06-04 15:40:02', 1),
(5, 'DD111018', 'PLUG SPARK', 'Genuine', 'Spare', '750.00', 1, 'Item', 'Rack002', '2025-06-04 15:40:39', '2025-06-04 15:40:39', 1),
(6, 'BGO10W30C', 'BAJAJ GENUINE OIL 10W30 CAN 1L', 'Genuine', 'Oil', '2800.00', 1, 'L', 'Rack001', '2025-06-04 15:41:30', '2025-06-04 15:41:30', 1),
(7, 'ASKBS0104', 'BRAKE SHOES PULSAR DTSI', 'After Marcket', 'Spare', '950.00', 1, 'Item', 'Rack003', '2025-06-04 15:42:09', '2025-06-04 15:42:09', 1),
(8, 'DJ151071', 'SET - DISC PAD [ ETS ]', 'Genuine', 'Spare', '1000.00', 1, 'Item', 'Rack003', '2025-06-04 15:42:52', '2025-06-04 15:42:52', 1),
(9, 'DS141014', 'Fuel Tube', 'Genuine', 'Spare', '350.00', 1, 'Item', 'Rack002', '2025-06-04 15:43:28', '2025-06-04 15:43:28', 1),
(10, '36314002', 'KIT BALL STEEL STEERING', 'Genuine', 'Spare', '350.00', 1, 'Item', 'Rack003', '2025-06-04 15:43:54', '2025-06-04 15:43:54', 1),
(11, 'JA541205', 'GASKET MAGNETO COVER PUL 135', 'Genuine', 'Spare', '350.00', 1, 'Item', 'Rack005', '2025-06-04 15:44:35', '2025-06-04 15:44:35', 1),
(12, 'DJ151089', 'Spocket', 'Genuine', 'Spare', '500.00', 1, 'Item', 'Rack001', '2025-06-16 19:41:19', '2025-06-16 19:41:19', 1);

-- --------------------------------------------------------

--
-- Table structure for table `item_location`
--

CREATE TABLE `item_location` (
  `iD_Auto` smallint(5) UNSIGNED NOT NULL,
  `location_Name` varchar(255) COLLATE utf8mb4_unicode_ci NOT NULL,
  `description` varchar(255) COLLATE utf8mb4_unicode_ci NOT NULL,
  `created_at` timestamp NULL DEFAULT NULL,
  `updated_at` timestamp NULL DEFAULT NULL,
  `status` tinyint(1) NOT NULL DEFAULT 1
) ENGINE=InnoDB DEFAULT CHARSET=utf8mb4 COLLATE=utf8mb4_unicode_ci;

--
-- Dumping data for table `item_location`
--

INSERT INTO `item_location` (`iD_Auto`, `location_Name`, `description`, `created_at`, `updated_at`, `status`) VALUES
(1, 'Rack001', 'Rack001', NULL, NULL, 1),
(2, 'Rack002', 'Rack002', NULL, NULL, 1),
(3, 'Rack003', 'Rack003', NULL, NULL, 1),
(4, 'Rack004', 'Rack004', NULL, NULL, 1),
(5, 'Rack005', 'Rack005', NULL, NULL, 1),
(6, 'Rack006', 'Rack006', NULL, NULL, 1);

-- --------------------------------------------------------

--
-- Table structure for table `item_stock`
--

CREATE TABLE `item_stock` (
  `iD_Auto` smallint(5) UNSIGNED NOT NULL,
  `item_ID` varchar(255) COLLATE utf8mb4_unicode_ci NOT NULL,
  `sales_Price` decimal(10,2) NOT NULL,
  `qty` int(11) NOT NULL,
  `reorder_Lvl` int(11) NOT NULL,
  `reorder_Qty` int(11) NOT NULL,
  `created_at` timestamp NULL DEFAULT NULL,
  `updated_at` timestamp NULL DEFAULT NULL,
  `status` tinyint(1) NOT NULL DEFAULT 1
) ENGINE=InnoDB DEFAULT CHARSET=utf8mb4 COLLATE=utf8mb4_unicode_ci;

-- --------------------------------------------------------

--
-- Table structure for table `jobs`
--

CREATE TABLE `jobs` (
  `id` bigint(20) UNSIGNED NOT NULL,
  `queue` varchar(255) COLLATE utf8mb4_unicode_ci NOT NULL,
  `payload` longtext COLLATE utf8mb4_unicode_ci NOT NULL,
  `attempts` tinyint(3) UNSIGNED NOT NULL,
  `reserved_at` int(10) UNSIGNED DEFAULT NULL,
  `available_at` int(10) UNSIGNED NOT NULL,
  `created_at` int(10) UNSIGNED NOT NULL
) ENGINE=InnoDB DEFAULT CHARSET=utf8mb4 COLLATE=utf8mb4_unicode_ci;

-- --------------------------------------------------------

--
-- Table structure for table `job_batches`
--

CREATE TABLE `job_batches` (
  `id` varchar(255) COLLATE utf8mb4_unicode_ci NOT NULL,
  `name` varchar(255) COLLATE utf8mb4_unicode_ci NOT NULL,
  `total_jobs` int(11) NOT NULL,
  `pending_jobs` int(11) NOT NULL,
  `failed_jobs` int(11) NOT NULL,
  `failed_job_ids` longtext COLLATE utf8mb4_unicode_ci NOT NULL,
  `options` mediumtext COLLATE utf8mb4_unicode_ci DEFAULT NULL,
  `cancelled_at` int(11) DEFAULT NULL,
  `created_at` int(11) NOT NULL,
  `finished_at` int(11) DEFAULT NULL
) ENGINE=InnoDB DEFAULT CHARSET=utf8mb4 COLLATE=utf8mb4_unicode_ci;

-- --------------------------------------------------------

--
-- Table structure for table `job_types`
--

CREATE TABLE `job_types` (
  `id` bigint(20) UNSIGNED NOT NULL,
  `jobCustomID` varchar(255) COLLATE utf8mb4_unicode_ci NOT NULL,
  `jobType` varchar(255) COLLATE utf8mb4_unicode_ci NOT NULL,
  `salesPrice` decimal(10,2) NOT NULL,
  `status` tinyint(1) NOT NULL DEFAULT 1,
  `created_at` timestamp NULL DEFAULT NULL,
  `updated_at` timestamp NULL DEFAULT NULL
) ENGINE=InnoDB DEFAULT CHARSET=utf8mb4 COLLATE=utf8mb4_unicode_ci;

--
-- Dumping data for table `job_types`
--

INSERT INTO `job_types` (`id`, `jobCustomID`, `jobType`, `salesPrice`, `status`, `created_at`, `updated_at`) VALUES
(1, 'JOB00001', 'RUNNING REPAIR', '1000.00', 1, NULL, NULL),
(2, 'JOB00002', 'REPLACING MAJOR KIT', '350.00', 1, NULL, NULL),
(3, 'JOB00003', 'REPLACING FRONT WHEEL BERING', '350.00', 1, NULL, NULL),
(4, 'JOB00004', 'REPLACING FRONT WHEEL BERING', '500.00', 1, NULL, NULL),
(5, 'JOB00005', 'GEAR CABLE REPIRES', '1500.00', 1, NULL, NULL),
(6, 'JOB00006', 'REPAIRING CHARGESS', '150.00', 1, NULL, NULL),
(7, 'JOB00007', 'FULL SERVICE AND REPIAR CHARGES', '4250.00', 1, NULL, NULL),
(8, 'JOB00008', 'NORMAL SERVICE 125CC', '2500.00', 1, NULL, NULL),
(9, 'JOB00009', 'BODY WOSH', '550.00', 1, NULL, NULL),
(10, 'JOB00010', 'REPAIRING CHARGESS', '150.00', 1, NULL, NULL),
(11, 'JOB00011', 'REPLACING CHAIN AND SPOKET SET', '650.00', 1, NULL, NULL),
(12, 'JOB00012', '3W FULL GRESSING', '850.00', 1, NULL, NULL),
(13, 'JOB00013', 'REPAIRING CHARGESS', '650.00', 1, NULL, NULL),
(14, 'JOB00014', '3W REPLECING REAR WHEEL BERING', '1000.00', 1, NULL, NULL),
(15, 'JOB00015', '3W FULL GRESSING', '850.00', 1, NULL, NULL),
(16, 'JOB00016', '3W FULL GRESSING', '850.00', 1, NULL, NULL),
(17, 'JOB00017', '3W FULL SERVICE', '3750.00', 1, NULL, NULL),
(18, 'JOB00018', '3W FULL GRESSING', '850.00', 1, NULL, NULL),
(19, 'JOB00019', '3W FULL SERVICE', '3750.00', 1, NULL, NULL),
(20, 'JOB00020', 'NORMAL SERVICE 125CC', '2500.00', 1, NULL, NULL),
(21, 'JOB00021', 'CARB OVERHAUL', '650.00', 1, NULL, NULL),
(22, 'JOB00022', 'START MOTOR -CLEANING/GRESSING/REPARING/REPLACING BRUSH', '350.00', 1, NULL, NULL),
(23, 'JOB00023', 'BODY WOSH', '550.00', 1, NULL, NULL),
(24, 'JOB00024', 'CARB OVERHAUL', '550.00', 1, NULL, NULL),
(25, 'JOB00025', 'BODY WOSH', '550.00', 1, NULL, NULL),
(26, 'JOB00026', 'CARB OVERHAUL', '550.00', 1, NULL, NULL),
(27, 'JOB00027', 'SCOOTER BELT SIDE REPAIRE', '1250.00', 1, NULL, NULL),
(28, 'JOB00028', 'RUNNING REPAIR', '650.00', 1, NULL, NULL),
(29, 'JOB00029', 'REPAIRING CHARGESS', '650.00', 1, NULL, NULL),
(30, 'JOB00030', 'NORMAL SERVICE 180CC', '2500.00', 1, NULL, NULL),
(31, 'JOB00031', 'CLUTCH OVERHAUL', '1250.00', 1, NULL, NULL),
(32, 'JOB00032', 'START MOTOR REPLACING', '500.00', 1, NULL, NULL),
(33, 'JOB00033', 'WIRING CHARGESS', '1750.00', 1, NULL, NULL),
(34, 'JOB00034', 'START MOTOR -CLEANING/GRESSING/REPARING/REPLACING BRUSH', '1000.00', 1, NULL, NULL),
(35, 'JOB00035', '3W REPLECING FRONT SHOK', '350.00', 1, NULL, NULL),
(36, 'JOB00036', 'BODY WOSH', '500.00', 1, NULL, NULL),
(37, 'JOB00037', 'ACSIDENT REPIAR', '5000.00', 1, NULL, NULL),
(38, 'JOB00038', 'ELECTRICAL REPAIRE / CHEAKING / TESTING', '500.00', 1, NULL, NULL),
(39, 'JOB00039', 'CARB OVERHAUL', '850.00', 1, NULL, NULL),
(40, 'JOB00040', 'AIR FILTER CLEANING', '200.00', 1, NULL, NULL),
(41, 'JOB00041', 'REPLACING HANDLE CUP SET / PORK OIL', '1250.00', 1, NULL, NULL),
(42, 'JOB00042', 'REPLACING SWIM ARM BUSH', '1500.00', 1, NULL, NULL),
(43, 'JOB00043', 'NORMAL SERVICE 100CC', '2500.00', 1, NULL, NULL),
(44, 'JOB00044', 'NORMAL SERVICE 125CC', '2500.00', 1, NULL, NULL),
(45, 'JOB00045', 'REPLACING F', '250.00', 1, NULL, NULL),
(46, 'JOB00046', 'REPLACING FRONT DIS PAD', '250.00', 1, NULL, NULL),
(47, 'JOB00047', 'REPLACING REAR BREAK SHOE', '200.00', 1, NULL, NULL),
(48, 'JOB00048', 'BODY WOSH', '550.00', 1, NULL, NULL),
(49, 'JOB00049', '3W FULL GRESSING', '850.00', 1, NULL, NULL),
(50, 'JOB00050', '3W FULL SERVICE', '3750.00', 1, NULL, NULL),
(51, 'JOB00051', 'NORMAL SERVICE 150CC', '2500.00', 1, NULL, NULL),
(152, 'JOB00052', 'CARB OVERHAUL', '550.00', 1, NULL, NULL),
(153, 'JOB00053', 'BODY WOSH', '550.00', 1, NULL, NULL),
(154, 'JOB00054', 'REPLECING REAR BRAKE SHOE', '250.00', 1, NULL, NULL),
(155, 'JOB00055', 'CLEANING FRONT HUB', '200.00', 1, NULL, NULL),
(156, 'JOB00056', 'GRESSING & REPAIRING', '650.00', 1, NULL, NULL),
(157, 'JOB00057', 'ELECTRICAL REPAIRE / CHEAKING / TESTING', '2000.00', 1, NULL, NULL),
(158, 'JOB00058', 'BODY WOSH', '550.00', 1, NULL, NULL),
(159, 'JOB00059', 'NORMAL SERVICE 125CC', '2500.00', 1, NULL, NULL),
(160, 'JOB00060', 'CARB / FUEL TANK CLEANING', '1000.00', 1, NULL, NULL),
(161, 'JOB00061', 'CARB / FUEL TANK/ AIR FILTER CLEANING', '1650.00', 1, NULL, NULL),
(162, 'JOB00062', '3W FULL SERVICE', '3750.00', 1, NULL, NULL),
(163, 'JOB00063', 'START MOTOR -CLEANING/GRESSING/REPARING/REPLACING BRUSH', '1000.00', 1, NULL, NULL),
(164, 'JOB00064', 'BODY WOSH', '550.00', 1, NULL, NULL),
(165, 'JOB00065', 'ADJUSTING / OILING DRIVE CHAIN', '100.00', 1, NULL, NULL),
(166, 'JOB00066', 'FULL SERVICE 125CC', '3250.00', 1, NULL, NULL),
(167, 'JOB00067', 'REPLACING HANDLE CUP SET / PORK OIL', '1500.00', 1, NULL, NULL),
(168, 'JOB00068', 'ADJUSTING / OILING DRIVE CHAIN', '100.00', 1, NULL, NULL),
(169, 'JOB00069', 'BODY WOSH', '550.00', 1, NULL, NULL),
(170, 'JOB00070', 'CHANGING ENGINE OIL', '100.00', 1, NULL, NULL),
(171, 'JOB00071', '3W FULL GRESSING', '750.00', 1, NULL, NULL),
(172, 'JOB00072', 'REPAIRING CHARGESS', '500.00', 1, NULL, NULL),
(173, 'JOB00073', 'ELECTRICAL REPAIRE / CHEAKING / TESTING', '350.00', 1, NULL, NULL),
(174, 'JOB00074', 'NORMAL SERVICE FZ', '3750.00', 1, NULL, NULL),
(175, 'JOB00075', 'REPLACING SWIM ARM BUSH FZ', '1000.00', 1, NULL, NULL),
(176, 'JOB00076', 'FUEL TANK/PUMP /EFI CLEANING & TUNING WITH WURTH CLEANER', '5500.00', 1, NULL, NULL),
(177, 'JOB00077', '3W FULL SERVICE', '3750.00', 1, NULL, NULL),
(178, 'JOB00078', '3W FULL GRESSING', '850.00', 1, NULL, NULL),
(179, 'JOB00079', '3W FULL GRESSING', '850.00', 1, NULL, NULL),
(180, 'JOB00080', '3W REPLECING REAR WHEEL BERING', '1000.00', 1, NULL, NULL),
(181, 'JOB00081', 'NORMAL SERVICE TVS SCOOTER', '2500.00', 1, NULL, NULL),
(182, 'JOB00082', 'NORMAL SERVICE', '2650.00', 1, NULL, NULL),
(183, 'JOB00083', 'BO', '550.00', 1, NULL, NULL),
(184, 'JOB00084', 'ELE', '500.00', 1, NULL, NULL),
(185, 'JOB00085', 'REPLACING CHAIN AND SPOKET SET', '1000.00', 1, NULL, NULL),
(186, 'JOB00086', 'REPLACING CHAIN LINK', '150.00', 1, NULL, NULL),
(187, 'JOB00087', 'REPLACING FRONT SPOKET', '150.00', 1, NULL, NULL),
(188, 'JOB00088', 'WIRING CHARGESS', '1750.00', 1, NULL, NULL),
(189, 'JOB00089', 'PART ASSEMBLING CHARGES', '1000.00', 1, NULL, NULL),
(190, 'JOB00090', 'REPLACING CHAIN AND SPOKET SET', '750.00', 1, NULL, NULL),
(191, 'JOB00091', 'CHANGING ENGINE OIL', '100.00', 1, NULL, NULL),
(192, 'JOB00092', 'START MOTOR REPLACING', '500.00', 1, NULL, NULL),
(193, 'JOB00093', 'FULL SERVICE 150CC', '3500.00', 1, NULL, NULL),
(194, 'JOB00094', 'BODY WOSH', '550.00', 1, NULL, NULL),
(195, 'JOB00095', 'START MOTOR -CLEANING/GRESSING/REPARING/REPLACING BRUSH', '650.00', 1, NULL, NULL),
(196, 'JOB00096', 'ADJUSTING / OILING DRIVE CHAIN', '100.00', 1, NULL, NULL),
(197, 'JOB00097', 'FUEL TANK CLEANING / REPAIRING', '1000.00', 1, NULL, NULL),
(198, 'JOB00098', '3W FULL GRESSING', '850.00', 1, NULL, NULL),
(199, 'JOB00099', 'REPAIRING CHARGESS', '900.00', 1, NULL, NULL),
(200, 'JOB00100', 'START MOTOR -CLEANING/GRESSING/REPARING/REPLACING BRUSH', '650.00', 1, NULL, NULL),
(201, 'JOB00101', 'ELECTRICAL REPAIRE / CHEAKING / TESTING', '750.00', 1, NULL, NULL),
(202, 'JOB00102', 'ELECTRICAL REPAIRE / CHEAKING / TESTING', '350.00', 1, NULL, NULL),
(203, 'JOB00103', 'REPLECING SPEED METER CABLE', '150.00', 1, NULL, NULL),
(204, 'JOB00104', 'REPAIRING CHARGESS', '2000.00', 1, NULL, NULL),
(205, 'JOB00105', 'REPAIRING CHARGESS', '850.00', 1, NULL, NULL),
(206, 'JOB00106', 'NORMAL SERVICE', '2500.00', 1, NULL, NULL),
(207, 'JOB00107', 'ELECTRICAL REPAIRE / CHEAKING / TESTING', '1250.00', 1, NULL, NULL),
(208, 'JOB00108', 'REPAIRING CHARGESS', '1000.00', 1, NULL, NULL),
(209, 'JOB00109', 'BODY WOSH', '550.00', 1, NULL, NULL),
(210, 'JOB00110', 'ELECTRICAL REPAIRE / CHEAKING / TESTING', '650.00', 1, NULL, NULL),
(211, 'JOB00111', 'NORMAL SERVICE', '2500.00', 1, NULL, NULL),
(212, 'JOB00112', 'REPLACING FRONT DIS PAD', '150.00', 1, NULL, NULL),
(213, 'JOB00113', 'NORMAL SERVICE SCOOTER', '2550.00', 1, NULL, NULL),
(214, 'JOB00114', 'BODY WOSH', '650.00', 1, NULL, NULL),
(215, 'JOB00115', 'ADJUSTING / OILING DRIVE CHAIN', '100.00', 1, NULL, NULL),
(216, 'JOB00116', 'ADJUSTING / OILING DRIVE CHAIN', '150.00', 1, NULL, NULL),
(217, 'JOB00117', 'ADJUSTING CUP SET', '100.00', 1, NULL, NULL),
(218, 'JOB00118', 'BODY WOSH', '550.00', 1, NULL, NULL),
(219, 'JOB00119', 'REPAIRING CHARGESS', '1500.00', 1, NULL, NULL),
(220, 'JOB00120', 'REPAIRING CHARGESS', '250.00', 1, NULL, NULL),
(221, 'JOB00121', 'BODY WOSH', '550.00', 1, NULL, NULL),
(222, 'JOB00122', 'REPAIRING CHARGESS', '350.00', 1, NULL, NULL),
(223, 'JOB00123', 'FULL SERVICE 150CC', '3500.00', 1, NULL, NULL),
(224, 'JOB00124', 'REPLACING CHAIN AND SPOKET SET WITH SWIM ARM BUSH SET', '1250.00', 1, NULL, NULL),
(225, 'JOB00125', 'BODY WOSH', '550.00', 1, NULL, NULL),
(226, 'JOB00126', 'CARB OVERHAUL', '550.00', 1, NULL, NULL),
(227, 'JOB00127', '3W TOP / UNDER WOSH /OILING', '1750.00', 1, NULL, NULL),
(228, 'JOB00128', '3W FULL GRESSING', '750.00', 1, NULL, NULL),
(229, 'JOB00129', 'CARB OVERHAUL', '550.00', 1, NULL, NULL),
(230, 'JOB00130', 'ELECTRICAL REPAIRE / CHEAKING / TESTING', '450.00', 1, NULL, NULL),
(231, 'JOB00131', 'NORMAL SERVICE 100CC', '2500.00', 1, NULL, NULL),
(232, 'JOB00132', 'BODY WOSH', '550.00', 1, NULL, NULL),
(233, 'JOB00133', 'CABLE OILING / ADJSTING', '250.00', 1, NULL, NULL),
(234, 'JOB00134', 'CHANGING ENGINE OIL', '100.00', 1, NULL, NULL),
(235, 'JOB00135', 'ADJUSTING / OILING DRIVE CHAIN', '100.00', 1, NULL, NULL),
(236, 'JOB00136', 'CLEANING CARB', '500.00', 1, NULL, NULL),
(237, 'JOB00137', 'WIRING CHARGESS', '2500.00', 1, NULL, NULL),
(238, 'JOB00138', 'ELECTRICAL REPAIRE / CHEAKING / TESTING', '1650.00', 1, NULL, NULL),
(239, 'JOB00139', 'BODY WOSH', '500.00', 1, NULL, NULL),
(240, 'JOB00140', 'BODY WOSH', '550.00', 1, NULL, NULL),
(241, 'JOB00141', 'CLEANING REAR HUB', '250.00', 1, NULL, NULL),
(242, 'JOB00142', 'REPLACING FORK OIL SEAL', '1000.00', 1, NULL, NULL),
(243, 'JOB00143', 'ELECTRICAL REPAIRE / CHEAKING / TESTING', '2450.00', 1, NULL, NULL),
(244, 'JOB00144', 'BODY WOSH', '550.00', 1, NULL, NULL),
(245, 'JOB00145', 'NORMAL SERVICE', '2500.00', 1, NULL, NULL),
(246, 'JOB00146', 'REPLACING CLUTCH PLATE', '750.00', 1, NULL, NULL),
(247, 'JOB00147', 'REPLACING FORK OIL SEAL', '750.00', 1, NULL, NULL),
(248, 'JOB00148', 'NORMAL SERVICE', '2500.00', 1, NULL, NULL),
(249, 'JOB00149', 'REPAIRING CHARGESS', '750.00', 1, NULL, NULL),
(250, 'JOB00150', 'BODY WOSH', '550.00', 1, NULL, NULL),
(251, 'JOB00151', 'ELECTRICAL REPAIRE / CHEAKING / TESTING', '1500.00', 1, NULL, NULL),
(252, 'JOB00152', 'NORMAL SERVICE', '2500.00', 1, NULL, NULL),
(253, 'JOB00153', 'BODY WOSH', '550.00', 1, NULL, NULL),
(254, 'JOB00154', 'ELECTRICAL REPAIRE / CHEAKING / TESTING', '1250.00', 1, NULL, NULL),
(255, 'JOB00155', 'BODY WOSH', '550.00', 1, NULL, NULL),
(256, 'JOB00156', 'CABLE OILING / ADJSTING', '250.00', 1, NULL, NULL),
(257, 'JOB00157', 'REPAIRING CHARGESS', '250.00', 1, NULL, NULL),
(258, 'JOB00158', 'REPLACING HANDLE CUP SET / PORK OIL', '1250.00', 1, NULL, NULL),
(259, 'JOB00159', 'REPLACING CHAIN AND SPOKET SET', '750.00', 1, NULL, NULL),
(260, 'JOB00160', 'ELECTRICAL REPAIRE / CHEAKING / TESTING', '7300.00', 1, NULL, NULL),
(261, 'JOB00161', 'NORMAL SERVICE 125CC', '2550.00', 1, NULL, NULL),
(262, 'JOB00162', 'CARB OVERHAUL', '650.00', 1, NULL, NULL),
(263, 'JOB00163', 'NORMAL SERVICE', '2500.00', 1, NULL, NULL),
(264, 'JOB00164', 'ELECTRICAL REPAIRE / CHEAKING / TESTING', '1000.00', 1, NULL, NULL),
(265, 'JOB00165', 'BODY WOSH', '650.00', 1, NULL, NULL),
(266, 'JOB00166', 'REPLACING MINOR KIT', '650.00', 1, NULL, NULL),
(267, 'JOB00167', 'CARB OVERHAUL', '650.00', 1, NULL, NULL),
(268, 'JOB00168', 'CLEANING REAR HUB', '250.00', 1, NULL, NULL),
(269, 'JOB00169', 'NORMAL SERVICE', '2500.00', 1, NULL, NULL),
(270, 'JOB00170', 'CARB OVERHAUL', '650.00', 1, NULL, NULL),
(271, 'JOB00171', '1st FREE SERVICE', '2000.00', 1, NULL, NULL),
(272, 'JOB00172', 'REPLACING SWIM ARM BUSH', '1250.00', 1, NULL, NULL),
(273, 'JOB00173', 'BODY WOSH', '550.00', 1, NULL, NULL),
(274, 'JOB00174', 'NORMAL SERVICE 100CC', '2500.00', 1, NULL, NULL),
(275, 'JOB00175', 'ELECTRICAL REPAIRE / CHEAKING / TESTING', '2000.00', 1, NULL, NULL),
(276, 'JOB00176', 'CHANGING ENGINE OIL', '100.00', 1, NULL, NULL),
(277, 'JOB00177', 'REPLECING REAR BRAKE SHOE', '400.00', 1, NULL, NULL),
(278, 'JOB00178', 'LEATH WORK CHARGESS', '3900.00', 1, NULL, NULL),
(279, 'JOB00179', 'NORMAL SERVICE 125CC', '2500.00', 1, NULL, NULL),
(280, 'JOB00180', 'REPLECING FORK OIL', '350.00', 1, NULL, NULL),
(281, 'JOB00181', 'REPLACING CHAIN AND SPOKET SET', '650.00', 1, NULL, NULL),
(282, 'JOB00182', 'BODY WOSH', '550.00', 1, NULL, NULL),
(283, 'JOB00183', 'REPLACING CHAIN AND SPOKET SET', '750.00', 1, NULL, NULL),
(284, 'JOB00184', 'CHANGING ENGINE OIL', '100.00', 1, NULL, NULL),
(285, 'JOB00185', 'REPAIRING CHARGESS', '500.00', 1, NULL, NULL),
(286, 'JOB00186', 'REPLACING HANDLE CUP SET / PORK OIL', '2200.00', 1, NULL, NULL),
(287, 'JOB00187', 'REPAIRING CHARGESS', '1000.00', 1, NULL, NULL),
(288, 'JOB00188', 'ELECTRICAL REPAIRE / CHEAKING / TESTING', '450.00', 1, NULL, NULL),
(289, 'JOB00189', '2nd FREE SERVICE', '2000.00', 1, NULL, NULL),
(290, 'JOB00190', 'BODY WOSH', '550.00', 1, NULL, NULL),
(291, 'JOB00191', 'REPAIRING CHARGESS', '550.00', 1, NULL, NULL),
(292, 'JOB00192', 'ELECTRICAL REPAIRE / CHEAKING / TESTING', '1150.00', 1, NULL, NULL),
(293, 'JOB00193', 'NORMAL SERVICE 150CC', '2500.00', 1, NULL, NULL),
(294, 'JOB00194', 'BODY WOSH', '550.00', 1, NULL, NULL),
(295, 'JOB00195', 'ELECTRICAL REPAIRE / CHEAKING / TESTING', '750.00', 1, NULL, NULL),
(296, 'JOB00196', 'NORMAL SERVICE 100CC', '2500.00', 1, NULL, NULL),
(297, 'JOB00197', 'RE BORING', '1500.00', 1, NULL, NULL),
(298, 'JOB00198', 'DE CARBANICD VALVE PISTON / REPLACING TIMINGCHIN /REPLACING CLUCH ASSEMBLY', '3500.00', 1, NULL, NULL),
(299, 'JOB00199', 'REPAIRING CHARGESS', '750.00', 1, NULL, NULL),
(300, 'JOB00200', '3W FULL SERVICE', '3750.00', 1, NULL, NULL),
(301, 'JOB00201', '3W FULL GRESSING', '850.00', 1, NULL, NULL),
(302, 'JOB00202', 'REPLACING PIVOT PIN / GRESSING CUP SET', '2000.00', 1, NULL, NULL),
(303, 'JOB00203', 'NORMAL SERVICE', '2500.00', 1, NULL, NULL),
(304, 'JOB00204', 'REPLACING MINOR KIT', '350.00', 1, NULL, NULL),
(305, 'JOB00205', 'REPLACING METER CABLE', '250.00', 1, NULL, NULL),
(306, 'JOB00206', 'REPAIRING CHARGESS', '1000.00', 1, NULL, NULL),
(307, 'JOB00207', 'ELECTRICAL REPAIRE / CHEAKING / TESTING', '750.00', 1, NULL, NULL),
(308, 'JOB00208', 'BODY WOSH', '700.00', 1, NULL, NULL),
(309, 'JOB00209', 'REPLACING FORK OIL', '450.00', 1, NULL, NULL),
(310, 'JOB00210', 'CHANGING ENGINE OIL', '100.00', 1, NULL, NULL),
(311, 'JOB00211', 'ADJUSTING / OILING DRIVE CHAIN', '100.00', 1, NULL, NULL),
(312, 'JOB00212', '3W FULL GRESSING', '2000.00', 1, NULL, NULL),
(313, 'JOB00213', 'REPAIRING CHARGESS', '6000.00', 1, NULL, NULL),
(314, 'JOB00214', 'LEATH WORK CHARGESS', '1700.00', 1, NULL, NULL),
(315, 'JOB00215', 'BODY WOSH', '550.00', 1, NULL, NULL),
(316, 'JOB00216', 'REPLACING MAJOR KIT', '350.00', 1, NULL, NULL),
(317, 'JOB00217', 'BODY WOSH', '550.00', 1, NULL, NULL),
(318, 'JOB00218', 'ADJUSTING / OILING DRIVE CHAIN', '100.00', 1, NULL, NULL),
(319, 'JOB00219', 'BODY WOSH', '550.00', 1, NULL, NULL),
(320, 'JOB00220', 'CHANGING ENGINE OIL', '100.00', 1, NULL, NULL),
(321, 'JOB00221', 'CHANGING ENGINE OIL', '100.00', 1, NULL, NULL),
(322, 'JOB00222', 'ADJUSTING / OILING DRIVE CHAIN', '100.00', 1, NULL, NULL),
(323, 'JOB00223', 'CHANGING ENGINE OIL', '100.00', 1, NULL, NULL),
(324, 'JOB00224', 'REPLACING CHAIN AND SPOKET SET', '850.00', 1, NULL, NULL),
(325, 'JOB00225', 'BODY WOSH', '550.00', 1, NULL, NULL),
(326, 'JOB00226', 'REPLECING REAR BRAKE SHOE', '150.00', 1, NULL, NULL),
(327, 'JOB00227', 'REPLACING CLUTCH CABLE', '50.00', 1, NULL, NULL),
(328, 'JOB00228', 'REPLACING HANDLE CUP SET / PORK OIL', '1500.00', 1, NULL, NULL),
(329, 'JOB00229', 'REPAIRING CHARGESS', '300.00', 1, NULL, NULL),
(330, 'JOB00230', 'FULL SERVICE', '5450.00', 1, NULL, NULL),
(331, 'JOB00231', 'REPLACING REAR BREAK CABLE', '500.00', 1, NULL, NULL),
(332, 'JOB00232', 'ELECTRICAL REPAIRE / CHEAKING / TESTING', '500.00', 1, NULL, NULL),
(333, 'JOB00233', 'BODY WOSH', '500.00', 1, NULL, NULL),
(334, 'JOB00234', 'NORMAL SERVICE 125CC', '2500.00', 1, NULL, NULL),
(335, 'JOB00235', 'BODY WOSH', '550.00', 1, NULL, NULL),
(336, 'JOB00236', 'REPLACING FRONT PAKING CABLE', '500.00', 1, NULL, NULL),
(337, 'JOB00237', 'REPIARING FRONT BREAK SYSTEM', '750.00', 1, NULL, NULL),
(338, 'JOB00238', 'CHANGING ENGINE OIL', '50.00', 1, NULL, NULL),
(339, 'JOB00239', 'BODY WOSH', '550.00', 1, NULL, NULL),
(340, 'JOB00240', 'REPLACING CLUTCH BEARING', '350.00', 1, NULL, NULL),
(341, 'JOB00241', 'BODY WOSH', '550.00', 1, NULL, NULL),
(342, 'JOB00242', 'CABLE OILING / ADJSTING', '250.00', 1, NULL, NULL),
(343, 'JOB00243', 'BODY WOSH', '500.00', 1, NULL, NULL),
(344, 'JOB00244', 'CABLE OILING / ADJSTING', '250.00', 1, NULL, NULL),
(345, 'JOB00245', '1st FREE SERVICE', '2000.00', 1, NULL, NULL),
(346, 'JOB00246', 'CARB TUNING GREEN TEST', '350.00', 1, NULL, NULL),
(347, 'JOB00247', 'ELECTRICAL REPAIRE / CHEAKING / TESTING', '500.00', 1, NULL, NULL),
(348, 'JOB00248', 'ENGING REMOVING / FITTING', '2500.00', 1, NULL, NULL),
(349, 'JOB00249', 'BODY WOSH', '500.00', 1, NULL, NULL),
(350, 'JOB00250', 'CLEANING FUEL TANK', '500.00', 1, NULL, NULL),
(351, 'JOB00251', 'FULL SERVICE', '3750.00', 1, NULL, NULL),
(352, 'JOB00252', 'REPLACING ACC CABLE', '350.00', 1, NULL, NULL),
(353, 'JOB00253', 'REPLACING SPOKET HUB BEARING', '300.00', 1, NULL, NULL),
(354, 'JOB00254', 'NORMAL SERVICE 125CC', '2500.00', 1, NULL, NULL),
(355, 'JOB00255', 'FULL SERVICE', '3750.00', 1, NULL, NULL),
(356, 'JOB00256', 'REPLACING PIVOT PIN / GRESSING CUP SET', '2500.00', 1, NULL, NULL),
(357, 'JOB00257', '3W FULL GRESSING / REPLACING CUPLIN RUBBER', '1650.00', 1, NULL, NULL),
(358, 'JOB00258', 'CARB TUNING GREEN TEST', '200.00', 1, NULL, NULL),
(359, 'JOB00259', 'BREAK OVERHAUL', '1000.00', 1, NULL, NULL),
(360, 'JOB00260', 'BODY WOSH', '500.00', 1, NULL, NULL),
(361, 'JOB00261', 'BODY WOSH', '500.00', 1, NULL, NULL),
(362, 'JOB00262', 'CHANGING ENGINE OIL', '100.00', 1, NULL, NULL),
(363, 'JOB00263', 'ADJUSTING / OILING DRIVE CHAIN', '100.00', 1, NULL, NULL),
(364, 'JOB00264', 'REPLACING GEAR SHAFT OIL SEAL', '150.00', 1, NULL, NULL),
(365, 'JOB00265', 'BODY WOSH', '550.00', 1, NULL, NULL),
(366, 'JOB00266', 'CABLE OILING / ADJSTING CHAIN / ENGINE OIL CHANGING', '350.00', 1, NULL, NULL),
(367, 'JOB00267', 'REPLACING CUPSET 3W', '1500.00', 1, NULL, NULL),
(368, 'JOB00268', 'BREAK OVERHAUL', '1000.00', 1, NULL, NULL),
(369, 'JOB00269', 'CHANGING ENGINE OIL', '50.00', 1, NULL, NULL),
(370, 'JOB00270', 'BODY WOSH', '550.00', 1, NULL, NULL),
(371, 'JOB00271', 'REPLACING CHAIN AND SPOKET SET', '650.00', 1, NULL, NULL),
(372, 'JOB00272', 'CHANGING ENGINE OIL / CABLE OILING', '150.00', 1, NULL, NULL),
(373, 'JOB00273', 'NORMAL SERVICE 125CC', '2500.00', 1, NULL, NULL),
(374, 'JOB00274', 'ELECTRICAL REPAIRE / CHEAKING / TESTING', '2000.00', 1, NULL, NULL),
(375, 'JOB00275', 'BREAK PUMP REPIRE', '300.00', 1, NULL, NULL),
(376, 'JOB00276', 'REPLACING CUPSET 2W', '1000.00', 1, NULL, NULL),
(377, 'JOB00277', 'CABLE OILING / ADJSTING CHAIN / ENGINE OIL CHANGING/REPLACING REAR WHEL BERING', '750.00', 1, NULL, NULL),
(378, 'JOB00278', 'BODY WOSH', '550.00', 1, NULL, NULL),
(379, 'JOB00279', 'BODY WOSH', '550.00', 1, NULL, NULL),
(380, 'JOB00280', 'ELECTRICAL REPAIRE / CHEAKING / TESTING', '450.00', 1, NULL, NULL),
(381, 'JOB00281', 'BODY WOSH', '550.00', 1, NULL, NULL),
(382, 'JOB00282', 'REPAIRING CHARGESS', '650.00', 1, NULL, NULL),
(383, 'JOB00283', '3W FULL GRESSING', '850.00', 1, NULL, NULL),
(384, 'JOB00284', '3W TOP / UNDER WOSH /OILING', '2000.00', 1, NULL, NULL),
(385, 'JOB00285', 'WIRING CHARGESS', '2000.00', 1, NULL, NULL),
(386, 'JOB00286', 'CLEANING FUEL TANK', '850.00', 1, NULL, NULL),
(387, 'JOB00287', 'ELECTRICAL REPAIRE / CHEAKING / TESTING', '650.00', 1, NULL, NULL),
(388, 'JOB00288', 'BODY WOSH', '550.00', 1, NULL, NULL),
(389, 'JOB00289', 'CLEANING REAR & FRONT HUB', '450.00', 1, NULL, NULL),
(390, 'JOB00290', 'BODY WOSH', '550.00', 1, NULL, NULL),
(391, 'JOB00291', 'CLEANING REAR & FRONT HUB', '450.00', 1, NULL, NULL),
(392, 'JOB00292', 'BODY WOSH', '550.00', 1, NULL, NULL),
(393, 'JOB00293', 'CHANGING ENGINE OIL', '100.00', 1, NULL, NULL),
(394, 'JOB00294', 'ADJSTING BREAK', '100.00', 1, NULL, NULL),
(395, 'JOB00295', 'BODY WOSH', '500.00', 1, NULL, NULL),
(396, 'JOB00296', 'REPLACING REAR & FRONT BREAK SHOES', '400.00', 1, NULL, NULL),
(397, 'JOB00297', 'NORMAL SERVICE 125CC', '2650.00', 1, NULL, NULL),
(398, 'JOB00298', 'BREAK OVERHAUL', '650.00', 1, NULL, NULL),
(399, 'JOB00299', 'CARB TUNING GREEN TEST', '300.00', 1, NULL, NULL),
(400, 'JOB00300', 'REPLACING PIVOT PIN / FRONT BREAK SHOES / GRESSING CUP SET/', '2000.00', 1, NULL, NULL),
(401, 'JOB00301', 'REPLACING HANDLE CUP SET', '750.00', 1, NULL, NULL),
(402, 'JOB00302', 'ELECTRICAL REPAIRE / CHEAKING / TESTING', '500.00', 1, NULL, NULL),
(403, 'JOB00303', 'REPLACING PIVOT PIN / GRESSING CUP SET', '2000.00', 1, NULL, NULL),
(404, 'JOB00304', 'BODY WOSH', '550.00', 1, NULL, NULL),
(405, 'JOB00305', 'CABLE OILING / ADJSTING CHAIN / ENGINE OIL CHANGING', '350.00', 1, NULL, NULL),
(406, 'JOB00306', 'REPLACING FORK TUBE / FORK OIL / FORK OIL SEAL', '1000.00', 1, NULL, NULL),
(407, 'JOB00307', 'REPLACING CHAIN AND SPOKET SET', '850.00', 1, NULL, NULL),
(408, 'JOB00308', 'BODY WOSH', '550.00', 1, NULL, NULL),
(409, 'JOB00309', 'BODY WOSH', '550.00', 1, NULL, NULL),
(410, 'JOB00310', 'ADJUSTING / OILING DRIVE CHAIN', '100.00', 1, NULL, NULL),
(411, 'JOB00311', 'BODY WOSH', '550.00', 1, NULL, NULL),
(412, 'JOB00312', 'REPAIRING CHARGESS', '400.00', 1, NULL, NULL),
(413, 'JOB00313', '1st FREE SERVICE', '2000.00', 1, NULL, NULL),
(414, 'JOB00314', '1st FREE SERVICE', '2000.00', 1, NULL, NULL),
(415, 'JOB00315', 'BODY WOSH', '550.00', 1, NULL, NULL),
(416, 'JOB00316', 'CLEANING CARB', '500.00', 1, NULL, NULL),
(417, 'JOB00317', 'CABLE OILING / ADJSTING', '350.00', 1, NULL, NULL),
(418, 'JOB00318', 'ADJUSTING / OILING DRIVE CHAIN', '50.00', 1, NULL, NULL),
(419, 'JOB00319', 'NORMAL SERVICE 100CC', '2500.00', 1, NULL, NULL),
(420, 'JOB00320', '1st FREE SERVICE', '2000.00', 1, NULL, NULL),
(421, 'JOB00321', '3W TOP / UNDER WOSH /OILING', '2000.00', 1, NULL, NULL),
(422, 'JOB00322', 'CABLE OILING / ADJSTING', '350.00', 1, NULL, NULL),
(423, 'JOB00323', '3W FULL GRESSING', '850.00', 1, NULL, NULL),
(424, 'JOB00324', 'BODY WOSH', '550.00', 1, NULL, NULL),
(425, 'JOB00325', 'REPAIRING CHARGESS', '2750.00', 1, NULL, NULL),
(426, 'JOB00326', 'NORMAL SERVICE 125CC', '2500.00', 1, NULL, NULL),
(427, 'JOB00327', 'BODY WOSH', '500.00', 1, NULL, NULL),
(428, 'JOB00328', 'ELECTRICAL REPAIRE / CHEAKING / TESTING', '1000.00', 1, NULL, NULL),
(429, 'JOB00329', '1st FREE SERVICE', '2000.00', 1, NULL, NULL),
(430, 'JOB00330', 'BODY WOSH', '550.00', 1, NULL, NULL),
(431, 'JOB00331', 'REPLACING HANDLE CUP SET / PORK OIL', '1000.00', 1, NULL, NULL),
(432, 'JOB00332', 'REPLACING REAR BREAK SHOE', '200.00', 1, NULL, NULL),
(433, 'JOB00333', '2nd FREE SERVICE', '2000.00', 1, NULL, NULL),
(434, 'JOB00334', 'REPLACING REAR BREAK SHOE', '150.00', 1, NULL, NULL),
(435, 'JOB00335', '3W FULL SERVICE', '3750.00', 1, NULL, NULL),
(436, 'JOB00336', '3W FULL GRESSING', '850.00', 1, NULL, NULL),
(437, 'JOB00337', 'ELECTRICAL REPAIRE / CHEAKING / TESTING', '1000.00', 1, NULL, NULL),
(438, 'JOB00338', 'ELECTRICAL REPAIRE / CHEAKING / TESTING', '3500.00', 1, NULL, NULL),
(439, 'JOB00339', 'CARB TUNING GREEN TEST', '250.00', 1, NULL, NULL),
(440, 'JOB00340', 'NORMAL SERVICE', '2500.00', 1, NULL, NULL),
(441, 'JOB00341', 'CARB / FUEL TANK CLEANING', '1000.00', 1, NULL, NULL),
(442, 'JOB00342', 'NORMAL SERVICE 125CC', '2500.00', 1, NULL, NULL),
(443, 'JOB00343', 'FULL SERVICE', '3500.00', 1, NULL, NULL),
(444, 'JOB00344', 'REPLACING CLUTCH PLATE / HEAD CAM RUBBER / START MOTOR', '2000.00', 1, NULL, NULL),
(445, 'JOB00345', 'FULL SERVICE 150CC / REPLACING CHAIN & SPOKET', '3500.00', 1, NULL, NULL),
(446, 'JOB00346', 'ENGINE OVERHAUL REPLACING ROD KIT REPLACING CAM BEARING', '10000.00', 1, NULL, NULL),
(447, 'JOB00347', 'BODY WOSH', '500.00', 1, NULL, NULL),
(448, 'JOB00348', 'CARB TUNING GREEN TEST', '250.00', 1, NULL, NULL),
(449, 'JOB00349', 'AIR FILTER CLEANING', '250.00', 1, NULL, NULL),
(450, 'JOB00350', 'REPLACING CUPSET (SCOOTY) FRONT BREAK SHOES', '1500.00', 1, NULL, NULL),
(451, 'JOB00351', 'REPLACING DRIVE BELT', '1000.00', 1, NULL, NULL),
(452, 'JOB00352', 'ELECTRICAL REPAIRE / CHEAKING / TESTING', '1000.00', 1, NULL, NULL),
(453, 'JOB00353', 'REPLACING COIL PAG ASSLY', '1800.00', 1, NULL, NULL),
(454, 'JOB00354', 'ELECTRICAL REPAIRE / CHEAKING / TESTING', '2000.00', 1, NULL, NULL),
(455, 'JOB00355', 'CLEANING FUEL TANK', '350.00', 1, NULL, NULL),
(456, 'JOB00356', 'NORMAL SERVICE', '2500.00', 1, NULL, NULL),
(457, 'JOB00357', 'BREAK PUMP REPAIR', '500.00', 1, NULL, NULL),
(458, 'JOB00358', 'BODY WOSH', '500.00', 1, NULL, NULL),
(459, 'JOB00359', 'ELECTRICAL REPAIRE / CHEAKING / TESTING', '500.00', 1, NULL, NULL),
(460, 'JOB00360', 'CABLE OILING / ADJSTING', '250.00', 1, NULL, NULL),
(461, 'JOB00361', 'GRESSING CUP SET REPLACING FORK OIL', '1000.00', 1, NULL, NULL),
(462, 'JOB00362', 'BREAK PUMP REPAIR', '500.00', 1, NULL, NULL),
(463, 'JOB00363', '3W FULL GRESSING', '850.00', 1, NULL, NULL),
(464, 'JOB00364', '3W REPLACING REAR WHEEL BERING 2SIDE', '2000.00', 1, NULL, NULL),
(465, 'JOB00365', 'ELECTRICAL REPAIRE / CHEAKING / TESTING', '750.00', 1, NULL, NULL),
(466, 'JOB00366', 'NORMAL SERVICE 125CC', '2500.00', 1, NULL, NULL),
(467, 'JOB00367', 'REBORING 135CC / REPLACE CAM BEARING', '1750.00', 1, NULL, NULL),
(468, 'JOB00368', 'DE CARB AND VALVE PISTON / REPLACING TIMING CHAIN / REPLACING CLUTCH ASSEMBLY', '4250.00', 1, NULL, NULL),
(469, 'JOB00369', 'REPLACING CHAIN AND SPOKET SET', '550.00', 1, NULL, NULL),
(470, 'JOB00370', 'REPLACING SPOKET HUB BEARING', '250.00', 1, NULL, NULL),
(471, 'JOB00371', 'ELECTRICAL REPAIRE / CHEAKING / TESTING', '750.00', 1, NULL, NULL),
(472, 'JOB00372', '3W REPLACING FRONT WHEEL MINOR KIT', '350.00', 1, NULL, NULL),
(473, 'JOB00373', 'CLEANING CARB', '650.00', 1, NULL, NULL),
(474, 'JOB00374', 'ELECTRICAL REPAIRE / CHEAKING / TESTING', '450.00', 1, NULL, NULL),
(475, 'JOB00375', 'RE BORING 100 CC', '1650.00', 1, NULL, NULL),
(476, 'JOB00376', 'CRANK FIXING CHARGE 100CC', '1650.00', 1, NULL, NULL),
(477, 'JOB00377', 'ENGINE OVERHAUL 100CC', '7500.00', 1, NULL, NULL),
(478, 'JOB00378', 'BODY WOSH REPAIR CHARGES', '1250.00', 1, NULL, NULL),
(479, 'JOB00379', '1st FREE SERVICE', '2000.00', 1, NULL, NULL),
(480, 'JOB00380', '3W FULL GRESSING', '850.00', 1, NULL, NULL),
(481, 'JOB00381', 'REPAIRING CHARGESS', '550.00', 1, NULL, NULL),
(482, 'JOB00382', 'PAINTING GRIP HANDLE & SILENSOR', '3750.00', 1, NULL, NULL),
(483, 'JOB00383', 'ACCIDENT REPAIR CHARGES', '2925.00', 1, NULL, NULL),
(484, 'JOB00384', '1st FREE SERVICE', '2000.00', 1, NULL, NULL),
(485, 'JOB00385', '1st FREE SERVICE', '2000.00', 1, NULL, NULL),
(486, 'JOB00386', '1st FREE SERVICE', '2000.00', 1, NULL, NULL),
(487, 'JOB00387', 'NORMAL SERVICE SCOOTER', '2650.00', 1, NULL, NULL),
(488, 'JOB00388', '3W REPLACING PIVOT PIN / CUP SET / FRONT WHEEL BERING', '3250.00', 1, NULL, NULL),
(489, 'JOB00389', 'NORMAL SERVICE 135CC', '2500.00', 1, NULL, NULL),
(490, 'JOB00390', 'REPLACING CARB', '350.00', 1, NULL, NULL),
(491, 'JOB00391', 'REPLACING CHAIN AND SPOKET SET', '750.00', 1, NULL, NULL),
(492, 'JOB00392', 'ELECTRICAL REPAIRE / CHEAKING / TESTING', '350.00', 1, NULL, NULL),
(493, 'JOB00393', 'REPAIRING CHARGESS', '250.00', 1, NULL, NULL),
(494, 'JOB00394', 'ELECTRICAL REPAIRE / CHEAKING / TESTING', '1700.00', 1, NULL, NULL),
(495, 'JOB00395', 'REPAIRING CHARGESS', '350.00', 1, NULL, NULL),
(496, 'JOB00396', 'FULL SERVICE 180CC', '3850.00', 1, NULL, NULL),
(497, 'JOB00397', 'FULL SERVICE (125M GOVERNMENT MODEL)', '2500.00', 1, NULL, NULL),
(498, 'JOB00398', '3W FULL GRESSING', '950.00', 1, NULL, NULL),
(499, 'JOB00399', '3W REPLACING REAR WHEEL BERING 2SIDE', '2500.00', 1, NULL, NULL),
(500, 'JOB00400', 'NORMAL SERVICE SCOOTER', '2650.00', 1, NULL, NULL),
(501, 'JOB00401', 'REPLACING ACC CABLE', '150.00', 1, NULL, NULL),
(502, 'JOB00402', 'REPLACING FRONT DIS PAD', '250.00', 1, NULL, NULL),
(503, 'JOB00403', 'ADJUSTING / OILING DRIVE CHAIN', '100.00', 1, NULL, NULL),
(504, 'JOB00404', 'ADJUSTING CUP SET', '50.00', 1, NULL, NULL),
(505, 'JOB00405', 'CHANGING ENGINE OIL', '100.00', 1, NULL, NULL),
(506, 'JOB00406', 'NORMAL SERVICE', '2500.00', 1, NULL, NULL),
(507, 'JOB00407', 'FULL SERVICE', '3850.00', 1, NULL, NULL),
(508, 'JOB00408', 'CHANGING ENGINE OIL', '100.00', 1, NULL, NULL),
(509, 'JOB00409', 'ADJUSTING / OILING DRIVE CHAIN', '50.00', 1, NULL, NULL),
(510, 'JOB00410', 'BODY WOSH', '550.00', 1, NULL, NULL),
(511, 'JOB00411', 'REPLACING CHAIN AND SPOKET SET', '750.00', 1, NULL, NULL),
(512, 'JOB00412', 'CHANGING ENGINE OIL', '100.00', 1, NULL, NULL),
(513, 'JOB00413', 'REPAIRING CHARGESS', '250.00', 1, NULL, NULL),
(514, 'JOB00414', 'REPLACING GEAR SHAFT OIL SEAL', '150.00', 1, NULL, NULL),
(515, 'JOB00415', 'BODY WOSH', '550.00', 1, NULL, NULL),
(516, 'JOB00416', 'CHANGING ENGINE OIL', '100.00', 1, NULL, NULL),
(517, 'JOB00417', 'ADJUSTING CUP SET', '50.00', 1, NULL, NULL),
(518, 'JOB00418', 'ADJUSTING / OILING DRIVE CHAIN', '100.00', 1, NULL, NULL),
(519, 'JOB00419', '1st FREE SERVICE', '2000.00', 1, NULL, NULL),
(520, 'JOB00420', '3W FULL GRESSING', '850.00', 1, NULL, NULL),
(521, 'JOB00421', '3W FULL SERVICE', '3750.00', 1, NULL, NULL),
(522, 'JOB00422', 'REPLACING CHAIN AND SPOKET SET', '750.00', 1, NULL, NULL),
(523, 'JOB00423', 'KTM 200 NORMAL SERVICE', '2650.00', 1, NULL, NULL),
(524, 'JOB00424', 'ELECTRICAL REPAIRE / CHEAKING / TESTING', '1250.00', 1, NULL, NULL),
(525, 'JOB00425', 'FULL SERVICE', '3750.00', 1, NULL, NULL),
(526, 'JOB00426', 'WIRING CHARGESS', '2000.00', 1, NULL, NULL),
(527, 'JOB00427', 'BODY WOSH', '550.00', 1, NULL, NULL),
(528, 'JOB00428', 'REPAIRING CHARGESS', '650.00', 1, NULL, NULL),
(529, 'JOB00429', 'REPLACING HEAD COVER RUBBER', '200.00', 1, NULL, NULL),
(530, 'JOB00430', 'BODY WOSH', '550.00', 1, NULL, NULL),
(531, 'JOB00431', 'BODY WOSH', '550.00', 1, NULL, NULL),
(532, 'JOB00432', 'REPAIRING CHARGESS', '350.00', 1, NULL, NULL),
(533, 'JOB00433', '3W FULL GRESSING', '750.00', 1, NULL, NULL),
(534, 'JOB00434', '3W FULL SERVICE', '3500.00', 1, NULL, NULL),
(535, 'JOB00435', 'ELECTRICAL REPAIRE / CHEAKING / TESTING', '500.00', 1, NULL, NULL),
(536, 'JOB00436', 'BODY WOSH', '500.00', 1, NULL, NULL),
(537, 'JOB00437', 'ADJUSTING / OILING DRIVE CHAIN', '100.00', 1, NULL, NULL),
(538, 'JOB00438', 'ELECTRICAL REPAIRE / CHEAKING / TESTING', '500.00', 1, NULL, NULL),
(539, 'JOB00439', 'REPLACING CHAIN AND SPOKET SET', '750.00', 1, NULL, NULL),
(540, 'JOB00440', 'CHANGING ENGINE OIL/REPAIR CHARGE', '300.00', 1, NULL, NULL),
(541, 'JOB00441', 'NORMAL SERVICE FZ', '2500.00', 1, NULL, NULL),
(542, 'JOB00442', 'REBORING CHARGE 100CC', '1500.00', 1, NULL, NULL),
(543, 'JOB00443', 'REPLACING CONN ROD KIT', '1500.00', 1, NULL, NULL),
(544, 'JOB00444', 'ENGINE OVERHAUL 100CC', '7500.00', 1, NULL, NULL),
(545, 'JOB00445', 'REPLACING SPARK PLUG', '250.00', 1, NULL, NULL),
(546, 'JOB00446', 'CABLE OILING / ADJUSTING CHAIN / ENGINE OIL CHANGING', '150.00', 1, NULL, NULL),
(547, 'JOB00447', 'ELECTRICAL REPAIRE / CHEAKING / TESTING', '700.00', 1, NULL, NULL),
(548, 'JOB00448', 'ELECTRICAL REPAIRE / CHEAKING / TESTING', '750.00', 1, NULL, NULL),
(549, 'JOB00449', 'REPLACING FRONT / REAR BRAKE SHOE', '300.00', 1, NULL, NULL),
(550, 'JOB00450', 'NORMAL SERVICE 100CC', '2500.00', 1, NULL, NULL),
(551, 'JOB00451', '3W FULL GRESSING', '850.00', 1, NULL, NULL),
(552, 'JOB00452', '3W TOP / UNDER WOSH /OILING', '2350.00', 1, NULL, NULL),
(553, 'JOB00453', '3W REPLACING PIVOT PIN / CUP SET / FRONT SHOK', '2500.00', 1, NULL, NULL),
(554, 'JOB00454', 'ELECTRICAL REPAIRE / CHEAKING / TESTING', '1750.00', 1, NULL, NULL),
(555, 'JOB00455', 'WIRING CHARGESS', '2500.00', 1, NULL, NULL),
(556, 'JOB00456', 'FULL SERVICE', '3750.00', 1, NULL, NULL),
(557, 'JOB00457', 'ENGINE OVERHAUL 125CC', '6500.00', 1, NULL, NULL),
(558, 'JOB00458', '3W FULL SERVICE', '3750.00', 1, NULL, NULL),
(559, 'JOB00459', '3W FULL GRESSING', '850.00', 1, NULL, NULL),
(560, 'JOB00460', 'REPLACING CHAIN AND SPOKET SET', '850.00', 1, NULL, NULL),
(561, 'JOB00461', 'REPAIRING CHARGESS', '3750.00', 1, NULL, NULL),
(562, 'JOB00462', 'FULL SERVICE 100CC', '3500.00', 1, NULL, NULL),
(563, 'JOB00463', 'ELECTRICAL REPAIRE / CHEAKING / TESTING', '200.00', 1, NULL, NULL),
(564, 'JOB00464', 'ELECTRICAL REPAIRE / CHEAKING / TESTING', '1500.00', 1, NULL, NULL),
(565, 'JOB00465', '3W FULL GRESSING', '850.00', 1, NULL, NULL),
(566, 'JOB00466', 'ADJUSTING CUP SET', '100.00', 1, NULL, NULL),
(567, 'JOB00467', 'REPAIRING CHARGESS', '750.00', 1, NULL, NULL),
(568, 'JOB00468', '3W FULL GRESSING', '750.00', 1, NULL, NULL),
(569, 'JOB00469', '3W REPLACING REAR WHEEL BERING 2SIDE', '2000.00', 1, NULL, NULL),
(570, 'JOB00470', 'WIRING CHARGESS / CONVERT BCU', '5550.00', 1, NULL, NULL),
(571, 'JOB00471', 'ELECTRICAL REPAIRE / CHEAKING / TESTING', '2850.00', 1, NULL, NULL),
(572, 'JOB00472', 'CHANGING ENGINE OIL', '100.00', 1, NULL, NULL),
(573, 'JOB00473', 'BODY WOSH', '500.00', 1, NULL, NULL),
(574, 'JOB00474', 'BODY WOSH', '500.00', 1, NULL, NULL),
(575, 'JOB00475', 'FULL SERVICE (125M GOVERNMENT MODEL)', '2500.00', 1, NULL, NULL),
(576, 'JOB00476', 'REPAIRING CHARGESS', '300.00', 1, NULL, NULL),
(577, 'JOB00477', 'BODY WOSH', '500.00', 1, NULL, NULL),
(578, 'JOB00478', 'NORMAL SERVICE 100CC', '2850.00', 1, NULL, NULL),
(579, 'JOB00479', 'FULL SERVICE 200NS', '4250.00', 1, NULL, NULL),
(580, 'JOB00480', 'FORK/COLOM ELIMENT', '2500.00', 1, NULL, NULL),
(581, 'JOB00481', 'ACCIDENT REPAIR CHARGES', '2500.00', 1, NULL, NULL),
(582, 'JOB00482', 'ELECTRICAL REPAIRE / CHEAKING / TESTING', '350.00', 1, NULL, NULL),
(583, 'JOB00483', 'BODY WOSH', '500.00', 1, NULL, NULL),
(584, 'JOB00484', 'FULL SERVICE 150CC', '3500.00', 1, NULL, NULL),
(585, 'JOB00485', 'REPAIRING CHARGESS', '1000.00', 1, NULL, NULL),
(586, 'JOB00486', 'WIRING HANESS REPAIRING', '2500.00', 1, NULL, NULL),
(587, 'JOB00487', '2nd FREE SERVICE', '2000.00', 1, NULL, NULL),
(588, 'JOB00488', 'NORMAL SERVICE 125CC', '2500.00', 1, NULL, NULL),
(589, 'JOB00489', 'CLEANING CARB', '500.00', 1, NULL, NULL),
(590, 'JOB00490', 'NORMAL SERVICE 135CC', '2500.00', 1, NULL, NULL),
(591, 'JOB00491', 'BODY WOSH', '550.00', 1, NULL, NULL),
(592, 'JOB00492', 'REPLACING MINOR KIT', '650.00', 1, NULL, NULL),
(593, 'JOB00493', 'ADJUSTING / OILING DRIVE CHAIN', '100.00', 1, NULL, NULL),
(594, 'JOB00494', 'HALF GRESSING', '450.00', 1, NULL, NULL),
(595, 'JOB00495', '3W REPLACING REAR WHEEL BERING', '1250.00', 1, NULL, NULL),
(596, 'JOB00496', 'REPLACING FORK OIL / FORK OIL SEAL', '1250.00', 1, NULL, NULL),
(597, 'JOB00497', '2nd FREE SERVICE', '2000.00', 1, NULL, NULL),
(598, 'JOB00498', 'BODY WOSH', '500.00', 1, NULL, NULL),
(599, 'JOB00499', 'CLEANING CARB', '500.00', 1, NULL, NULL),
(600, 'JOB00500', '3W FULL SERVICE (2 STOCK)', '2750.00', 1, NULL, NULL),
(601, 'JOB00501', '3W FULL GRESSING', '850.00', 1, NULL, NULL),
(602, 'JOB00502', 'REBORING CHARGE 225', '2250.00', 1, NULL, NULL),
(603, 'JOB00503', 'CRANK FIXING CHARGE 225', '2500.00', 1, NULL, NULL),
(604, 'JOB00504', 'VALVE SEAT IN/EX CUTTING CHARGE', '1000.00', 1, NULL, NULL),
(605, 'JOB00505', 'ENGINE OVERHAUL 225', '10000.00', 1, NULL, NULL),
(606, 'JOB00506', 'REPLACING MAGNETO COIL ASSLY', '2000.00', 1, NULL, NULL),
(607, 'JOB00507', 'REPLACING GEAR SHAFT OIL SEAL', '250.00', 1, NULL, NULL),
(608, 'JOB00508', 'CARB TUNING GREEN TEST', '250.00', 1, NULL, NULL),
(609, 'JOB00509', 'REPAIRING CHARGESS', '650.00', 1, NULL, NULL),
(610, 'JOB00510', '3W FULL SERVICE', '3750.00', 1, NULL, NULL),
(611, 'JOB00511', '3W FULL GRESSING', '850.00', 1, NULL, NULL),
(612, 'JOB00512', '2nd FREE SERVICE', '2000.00', 1, NULL, NULL),
(613, 'JOB00513', '1st FREE SERVICE', '2000.00', 1, NULL, NULL),
(614, 'JOB00514', 'REPLACING MINOR KIT', '500.00', 1, NULL, NULL),
(615, 'JOB00515', 'CLEANING CARB', '550.00', 1, NULL, NULL),
(616, 'JOB00516', 'ELECTRICAL REPAIRE / CHEAKING / TESTING', '1850.00', 1, NULL, NULL),
(617, 'JOB00517', 'CARB OVERHAUL', '1000.00', 1, NULL, NULL),
(618, 'JOB00518', 'CHANGING ENGINE OIL', '100.00', 1, NULL, NULL),
(619, 'JOB00519', 'START MOTOR REPLACING', '450.00', 1, NULL, NULL),
(620, 'JOB00520', 'REPLACING REAR BREAK SHOE', '250.00', 1, NULL, NULL),
(621, 'JOB00521', '3W FULL GRESSING', '850.00', 1, NULL, NULL),
(622, 'JOB00522', '3W FULL SERVICE', '3750.00', 1, NULL, NULL),
(623, 'JOB00523', '3W TOP / UNDER WOSH /OILING', '2300.00', 1, NULL, NULL),
(624, 'JOB00524', '3W FULL GRESSING / REPLACING CUPLIN RUBBER', '1650.00', 1, NULL, NULL),
(625, 'JOB00525', '3W REPLACING FRONT WHEEL MINOR KIT', '350.00', 1, NULL, NULL),
(626, 'JOB00526', 'REPAIRING CHARGESS', '350.00', 1, NULL, NULL),
(627, 'JOB00527', 'REPLACING TOP GASKET KIT', '2000.00', 1, NULL, NULL),
(628, 'JOB00528', 'NORMAL SERVICE FZ', '2500.00', 1, NULL, NULL),
(629, 'JOB00529', 'WIRING CHARGESS / CONVERT BCU', '2800.00', 1, NULL, NULL),
(630, 'JOB00530', 'BODY WOSH', '550.00', 1, NULL, NULL),
(631, 'JOB00531', 'REPLACING CHAIN AND SPOKET SET', '1000.00', 1, NULL, NULL),
(632, 'JOB00532', '3W TOP / UNDER WOSH /OILING', '2350.00', 1, NULL, NULL),
(633, 'JOB00533', '3W FULL GRESSING / REPLACING CUPLIN RUBBER', '1650.00', 1, NULL, NULL),
(634, 'JOB00534', '3W REPLACING TOP GASKET KIT', '1650.00', 1, NULL, NULL),
(635, 'JOB00535', '3W CABLE OILING / ADJUSTING', '350.00', 1, NULL, NULL),
(636, 'JOB00536', 'BODY WOSH REPAIR CHARGES', '650.00', 1, NULL, NULL),
(637, 'JOB00537', '2nd FREE SERVICE', '2000.00', 1, NULL, NULL),
(638, 'JOB00538', 'START MOTOR REPLACING', '350.00', 1, NULL, NULL),
(639, 'JOB00539', 'BODY WOSH REPAIR CHARGES', '600.00', 1, NULL, NULL),
(640, 'JOB00540', 'REPLACING REAR BREAK SHOE', '250.00', 1, NULL, NULL),
(641, 'JOB00541', 'REPAIRING CHARGESS', '500.00', 1, NULL, NULL),
(642, 'JOB00542', '3W FULL GRESSING / REPLACING CUPLIN RUBBER', '1300.00', 1, NULL, NULL),
(643, 'JOB00543', 'FULL SERVICE 135CC', '3750.00', 1, NULL, NULL),
(644, 'JOB00544', '3W FULL SERVICE', '3750.00', 1, NULL, NULL),
(645, 'JOB00545', '3W FULL GRESSING', '850.00', 1, NULL, NULL),
(646, 'JOB00546', 'ELECTRICAL REPAIRE / CHEAKING / TESTING', '1000.00', 1, NULL, NULL),
(647, 'JOB00547', 'ELECTRICAL REPAIRE / CHEAKING / TESTING', '2250.00', 1, NULL, NULL),
(648, 'JOB00548', 'NORMAL SERVICE 180CC', '2500.00', 1, NULL, NULL),
(649, 'JOB00549', 'BODY WOSH', '500.00', 1, NULL, NULL),
(650, 'JOB00550', '1st FREE SERVICE', '2000.00', 1, NULL, NULL);

-- --------------------------------------------------------

--
-- Table structure for table `migrations`
--

CREATE TABLE `migrations` (
  `id` int(10) UNSIGNED NOT NULL,
  `migration` varchar(255) COLLATE utf8mb4_unicode_ci NOT NULL,
  `batch` int(11) NOT NULL
) ENGINE=InnoDB DEFAULT CHARSET=utf8mb4 COLLATE=utf8mb4_unicode_ci;

--
-- Dumping data for table `migrations`
--

INSERT INTO `migrations` (`id`, `migration`, `batch`) VALUES
(1, '0001_01_01_000000_create_users_table', 1),
(2, '0001_01_01_000001_create_cache_table', 1),
(3, '0001_01_01_000002_create_jobs_table', 1),
(4, '2025_04_21_031838_add_two_factor_columns_to_users_table', 1),
(5, '2025_04_21_031905_create_personal_access_tokens_table', 1),
(6, '2025_05_10_141938_create_permissions_table', 1),
(7, '2025_05_12_020238_create_suppliers_table', 1),
(8, '2025_05_12_110951_create_supplier_groups_table', 1),
(9, '2025_05_13_042146_create_item_table', 1),
(10, '2025_05_13_042237_create_item_location_table', 1),
(11, '2025_05_13_042306_create_item_stock_table', 1),
(12, '2025_05_13_053507_create_category_table', 1),
(13, '2025_05_14_044109_create_products_table', 1),
(14, '2025_05_14_141409_create_po_table', 1),
(15, '2025_05_15_113044_create_po__item_table', 1),
(16, '2025_06_14_032046_create_grn_table', 2),
(17, '2025_06_14_032234_create_grn_items_table', 2),
(18, '2025_06_14_032644_create_stock_table', 2),
(19, '2025_06_14_083551_create_purchase_returns_table', 3),
(20, '2025_06_14_083938_create_purchase_return_items_table', 3),
(21, '2025_06_14_100308_add_cost_and_discount_to_grn_items_table', 4),
(24, '2025_06_16_160147_create_vehicle_routes_table', 5),
(25, '2025_06_16_160204_create_vehicle_brands_table', 5),
(26, '2025_06_25_143241_create_job_types_table', 6),
(27, '2025_06_28_051753_create_quotations_table', 7),
(28, '2025_06_28_051820_create_quotation_items_table', 7);

-- --------------------------------------------------------

--
-- Table structure for table `password_reset_tokens`
--

CREATE TABLE `password_reset_tokens` (
  `email` varchar(255) COLLATE utf8mb4_unicode_ci NOT NULL,
  `token` varchar(255) COLLATE utf8mb4_unicode_ci NOT NULL,
  `created_at` timestamp NULL DEFAULT NULL
) ENGINE=InnoDB DEFAULT CHARSET=utf8mb4 COLLATE=utf8mb4_unicode_ci;

-- --------------------------------------------------------

--
-- Table structure for table `permissions`
--

CREATE TABLE `permissions` (
  `id` bigint(20) UNSIGNED NOT NULL,
  `usertype` varchar(255) COLLATE utf8mb4_unicode_ci NOT NULL,
  `suppliers` tinyint(1) NOT NULL DEFAULT 0,
  `products` tinyint(1) NOT NULL DEFAULT 0,
  `purchaseOrder` tinyint(1) NOT NULL DEFAULT 0,
  `recevingGRN` tinyint(1) NOT NULL DEFAULT 0,
  `purchaseReturn` tinyint(1) NOT NULL DEFAULT 0,
  `created_at` timestamp NULL DEFAULT NULL,
  `updated_at` timestamp NULL DEFAULT NULL
) ENGINE=InnoDB DEFAULT CHARSET=utf8mb4 COLLATE=utf8mb4_unicode_ci;

-- --------------------------------------------------------

--
-- Table structure for table `personal_access_tokens`
--

CREATE TABLE `personal_access_tokens` (
  `id` bigint(20) UNSIGNED NOT NULL,
  `tokenable_type` varchar(255) COLLATE utf8mb4_unicode_ci NOT NULL,
  `tokenable_id` bigint(20) UNSIGNED NOT NULL,
  `name` varchar(255) COLLATE utf8mb4_unicode_ci NOT NULL,
  `token` varchar(64) COLLATE utf8mb4_unicode_ci NOT NULL,
  `abilities` text COLLATE utf8mb4_unicode_ci DEFAULT NULL,
  `last_used_at` timestamp NULL DEFAULT NULL,
  `expires_at` timestamp NULL DEFAULT NULL,
  `created_at` timestamp NULL DEFAULT NULL,
  `updated_at` timestamp NULL DEFAULT NULL
) ENGINE=InnoDB DEFAULT CHARSET=utf8mb4 COLLATE=utf8mb4_unicode_ci;

-- --------------------------------------------------------

--
-- Table structure for table `po`
--

CREATE TABLE `po` (
  `po_Auto_ID` smallint(5) UNSIGNED NOT NULL,
  `po_No` varchar(255) COLLATE utf8mb4_unicode_ci NOT NULL,
  `po_date` date NOT NULL,
  `supp_Cus_ID` varchar(255) COLLATE utf8mb4_unicode_ci NOT NULL,
  `grand_Total` double NOT NULL,
  `note` varchar(255) COLLATE utf8mb4_unicode_ci DEFAULT NULL,
  `Reff_No` varchar(255) COLLATE utf8mb4_unicode_ci DEFAULT NULL,
  `emp_Name` varchar(255) COLLATE utf8mb4_unicode_ci DEFAULT NULL,
  `orderStatus` enum('draft','pending','approved','received','cancelled') COLLATE utf8mb4_unicode_ci NOT NULL DEFAULT 'draft',
  `created_at` timestamp NULL DEFAULT NULL,
  `updated_at` timestamp NULL DEFAULT NULL,
  `status` tinyint(1) NOT NULL DEFAULT 1
) ENGINE=InnoDB DEFAULT CHARSET=utf8mb4 COLLATE=utf8mb4_unicode_ci;

--
-- Dumping data for table `po`
--

INSERT INTO `po` (`po_Auto_ID`, `po_No`, `po_date`, `supp_Cus_ID`, `grand_Total`, `note`, `Reff_No`, `emp_Name`, `orderStatus`, `created_at`, `updated_at`, `status`) VALUES
(2, 'PO000001', '2025-06-06', 'RAM', 29190, NULL, NULL, 'Manura', 'draft', '2025-06-05 15:11:24', '2025-06-07 06:26:07', 1),
(3, 'PO000002', '2025-06-06', 'RAM', 21940, NULL, NULL, 'Manura', 'pending', '2025-06-05 18:05:43', '2025-06-07 06:38:01', 1),
(4, 'PO000003', '2025-06-07', 'AM', 27250, 'ffff', 'dddd', 'Manura', 'pending', '2025-06-07 06:38:38', '2025-06-07 06:56:41', 0),
(5, 'PO000004', '2025-06-17', 'DnD', 7500, NULL, NULL, NULL, 'pending', '2025-06-16 19:42:23', '2025-06-16 19:42:23', 1);

-- --------------------------------------------------------

--
-- Table structure for table `po__item`
--

CREATE TABLE `po__item` (
  `po_Item_Auto_ID` smallint(5) UNSIGNED NOT NULL,
  `po_Auto_ID` smallint(6) NOT NULL,
  `po_No` varchar(255) COLLATE utf8mb4_unicode_ci NOT NULL,
  `list_No` smallint(6) NOT NULL,
  `item_ID` varchar(255) COLLATE utf8mb4_unicode_ci NOT NULL,
  `qty` smallint(6) NOT NULL,
  `price` double NOT NULL,
  `line_Total` double NOT NULL,
  `created_at` timestamp NULL DEFAULT NULL,
  `updated_at` timestamp NULL DEFAULT NULL,
  `status` tinyint(1) NOT NULL DEFAULT 1
) ENGINE=InnoDB DEFAULT CHARSET=utf8mb4 COLLATE=utf8mb4_unicode_ci;

--
-- Dumping data for table `po__item`
--

INSERT INTO `po__item` (`po_Item_Auto_ID`, `po_Auto_ID`, `po_No`, `list_No`, `item_ID`, `qty`, `price`, `line_Total`, `created_at`, `updated_at`, `status`) VALUES
(1, 1, 'PO000001', 1, '36DJ4031', 2, 1070, 2140, '2025-06-05 05:57:32', '2025-06-05 05:57:32', 1),
(26, 2, 'PO000001', 1, '36DJ4031', 17, 1070, 18190, '2025-06-07 06:26:07', '2025-06-07 06:26:07', 1),
(27, 2, 'PO000001', 2, 'DD121181', 5, 450, 2250, '2025-06-07 06:26:07', '2025-06-07 06:26:07', 1),
(28, 2, 'PO000001', 3, 'EO', 2, 2500, 5000, '2025-06-07 06:26:07', '2025-06-07 06:26:07', 1),
(29, 2, 'PO000001', 4, 'DD111018', 5, 750, 3750, '2025-06-07 06:26:07', '2025-06-07 06:26:07', 1),
(30, 3, 'PO000002', 1, '36DJ4031', 17, 1070, 18190, '2025-06-07 06:38:01', '2025-06-07 06:38:01', 1),
(31, 3, 'PO000002', 2, 'DD121181', 5, 450, 2250, '2025-06-07 06:38:01', '2025-06-07 06:38:01', 1),
(32, 3, 'PO000002', 3, 'DD111018', 2, 750, 1500, '2025-06-07 06:38:01', '2025-06-07 06:38:01', 1),
(35, 4, 'PO000003', 1, 'EO', 10, 2500, 25000, '2025-06-07 06:56:41', '2025-06-07 06:56:41', 1),
(36, 4, 'PO000003', 2, 'DD121181', 5, 450, 2250, '2025-06-07 06:56:41', '2025-06-07 06:56:41', 1),
(37, 5, 'PO000004', 1, 'DJ151089', 5, 500, 2500, '2025-06-16 19:42:23', '2025-06-16 19:42:23', 1),
(38, 5, 'PO000004', 2, 'EO', 2, 2500, 5000, '2025-06-16 19:42:23', '2025-06-16 19:42:23', 1);

-- --------------------------------------------------------

--
-- Table structure for table `products`
--

CREATE TABLE `products` (
  `item_ID_Auto` smallint(5) UNSIGNED NOT NULL,
  `item_ID` varchar(255) COLLATE utf8mb4_unicode_ci NOT NULL,
  `item_Name` varchar(255) COLLATE utf8mb4_unicode_ci NOT NULL,
  `product_Type` varchar(255) COLLATE utf8mb4_unicode_ci NOT NULL,
  `catagory_Name` varchar(255) COLLATE utf8mb4_unicode_ci NOT NULL,
  `sales_Price` decimal(15,2) NOT NULL,
  `units` double NOT NULL,
  `unitofMeture` varchar(255) COLLATE utf8mb4_unicode_ci NOT NULL,
  `location` varchar(255) COLLATE utf8mb4_unicode_ci NOT NULL,
  `created_at` timestamp NULL DEFAULT NULL,
  `updated_at` timestamp NULL DEFAULT NULL,
  `status` tinyint(1) NOT NULL DEFAULT 1
) ENGINE=InnoDB DEFAULT CHARSET=utf8mb4 COLLATE=utf8mb4_unicode_ci;

-- --------------------------------------------------------

--
-- Table structure for table `purchase_returns`
--

CREATE TABLE `purchase_returns` (
  `id` bigint(20) UNSIGNED NOT NULL,
  `return_no` varchar(255) COLLATE utf8mb4_unicode_ci NOT NULL,
  `grn_id` smallint(5) UNSIGNED NOT NULL,
  `grn_no` varchar(255) COLLATE utf8mb4_unicode_ci NOT NULL,
  `supp_Cus_ID` varchar(255) COLLATE utf8mb4_unicode_ci NOT NULL,
  `note` text COLLATE utf8mb4_unicode_ci DEFAULT NULL,
  `returned_by` varchar(255) COLLATE utf8mb4_unicode_ci NOT NULL,
  `status` tinyint(1) NOT NULL DEFAULT 1,
  `created_at` timestamp NULL DEFAULT NULL,
  `updated_at` timestamp NULL DEFAULT NULL
) ENGINE=InnoDB DEFAULT CHARSET=utf8mb4 COLLATE=utf8mb4_unicode_ci;

--
-- Dumping data for table `purchase_returns`
--

INSERT INTO `purchase_returns` (`id`, `return_no`, `grn_id`, `grn_no`, `supp_Cus_ID`, `note`, `returned_by`, `status`, `created_at`, `updated_at`) VALUES
(1, 'PR000001', 2, 'GRN000001', 'DPMC', NULL, 'Manura Madhushan', 1, '2025-06-13 22:34:54', '2025-06-13 22:34:54'),
(2, 'PR000002', 3, 'GRN000002', 'DPMC', NULL, 'Manura Madhushan', 1, '2025-06-13 22:44:58', '2025-06-13 22:44:58');

-- --------------------------------------------------------

--
-- Table structure for table `purchase_return_items`
--

CREATE TABLE `purchase_return_items` (
  `id` bigint(20) UNSIGNED NOT NULL,
  `purchase_return_id` bigint(20) UNSIGNED NOT NULL,
  `item_ID` varchar(255) COLLATE utf8mb4_unicode_ci NOT NULL,
  `item_Name` varchar(255) COLLATE utf8mb4_unicode_ci NOT NULL,
  `qty_returned` int(11) NOT NULL,
  `price` decimal(10,2) NOT NULL,
  `line_total` decimal(12,2) NOT NULL,
  `reason` text COLLATE utf8mb4_unicode_ci DEFAULT NULL,
  `created_at` timestamp NULL DEFAULT NULL,
  `updated_at` timestamp NULL DEFAULT NULL
) ENGINE=InnoDB DEFAULT CHARSET=utf8mb4 COLLATE=utf8mb4_unicode_ci;

--
-- Dumping data for table `purchase_return_items`
--

INSERT INTO `purchase_return_items` (`id`, `purchase_return_id`, `item_ID`, `item_Name`, `qty_returned`, `price`, `line_total`, `reason`, `created_at`, `updated_at`) VALUES
(1, 1, 'EO', '20W /50 1L APPROVED  ENGINE OIL', 1, '2500.00', '2500.00', 'Seal Brocken', '2025-06-13 22:34:54', '2025-06-13 22:34:54'),
(2, 2, 'DD121181', 'OIL FILTER WITH SPRING', 5, '450.00', '2250.00', NULL, '2025-06-13 22:44:58', '2025-06-13 22:44:58');

-- --------------------------------------------------------

--
-- Table structure for table `quotations`
--

CREATE TABLE `quotations` (
  `id` bigint(20) UNSIGNED NOT NULL,
  `quotation_no` varchar(255) COLLATE utf8mb4_unicode_ci NOT NULL,
  `customer_custom_id` varchar(255) COLLATE utf8mb4_unicode_ci NOT NULL,
  `vehicle_no` varchar(255) COLLATE utf8mb4_unicode_ci DEFAULT NULL,
  `quotation_date` date NOT NULL,
  `grand_total` decimal(10,2) NOT NULL,
  `note` varchar(255) COLLATE utf8mb4_unicode_ci DEFAULT NULL,
  `created_by` varchar(255) COLLATE utf8mb4_unicode_ci DEFAULT NULL,
  `status` tinyint(1) NOT NULL DEFAULT 1,
  `created_at` timestamp NULL DEFAULT NULL,
  `updated_at` timestamp NULL DEFAULT NULL
) ENGINE=InnoDB DEFAULT CHARSET=utf8mb4 COLLATE=utf8mb4_unicode_ci;

--
-- Dumping data for table `quotations`
--

INSERT INTO `quotations` (`id`, `quotation_no`, `customer_custom_id`, `vehicle_no`, `quotation_date`, `grand_total`, `note`, `created_by`, `status`, `created_at`, `updated_at`) VALUES
(1, 'QT00001', 'CUST000004', 'MF-7636', '2025-06-28', '2850.00', NULL, 'Admin', 1, '2025-06-28 00:16:50', '2025-06-28 00:16:50'),
(2, 'QT00002', 'CUST000006', 'BSC-8156', '2025-06-28', '2950.00', NULL, 'Admin', 1, '2025-06-28 00:29:57', '2025-06-28 00:29:57'),
(3, 'QT00003', 'CUST000005', 'BSC-8168', '2025-06-28', '2500.00', NULL, 'Admin', 1, '2025-06-28 07:23:36', '2025-06-28 07:23:36'),
(4, 'QT00004', 'CUST000005', 'BSC-8168', '2025-06-28', '2500.00', NULL, 'Admin', 1, '2025-06-28 07:30:59', '2025-06-28 07:30:59');

-- --------------------------------------------------------

--
-- Table structure for table `quotation_items`
--

CREATE TABLE `quotation_items` (
  `id` bigint(20) UNSIGNED NOT NULL,
  `quotation_id` bigint(20) UNSIGNED NOT NULL,
  `line_no` int(10) UNSIGNED NOT NULL,
  `item_type` varchar(255) COLLATE utf8mb4_unicode_ci NOT NULL,
  `item_id` varchar(255) COLLATE utf8mb4_unicode_ci NOT NULL,
  `description` varchar(255) COLLATE utf8mb4_unicode_ci DEFAULT NULL,
  `qty` int(11) NOT NULL DEFAULT 1,
  `price` decimal(10,2) NOT NULL,
  `line_total` decimal(10,2) NOT NULL,
  `created_at` timestamp NULL DEFAULT NULL,
  `updated_at` timestamp NULL DEFAULT NULL,
  `status` tinyint(1) NOT NULL DEFAULT 1
) ENGINE=InnoDB DEFAULT CHARSET=utf8mb4 COLLATE=utf8mb4_unicode_ci;

--
-- Dumping data for table `quotation_items`
--

INSERT INTO `quotation_items` (`id`, `quotation_id`, `line_no`, `item_type`, `item_id`, `description`, `qty`, `price`, `line_total`, `created_at`, `updated_at`, `status`) VALUES
(1, 1, 1, 'spare', 'EO', 'EO - 20W /50 1L APPROVED  ENGINE OIL', 1, '2500.00', '2500.00', '2025-06-28 00:16:50', '2025-06-28 00:16:50', 1),
(2, 1, 2, 'job', 'JOB00002', 'REPLACING MAJOR KIT', 1, '350.00', '350.00', '2025-06-28 00:16:50', '2025-06-28 00:16:50', 1),
(3, 2, 1, 'spare', 'EO', 'EO - 20W /50 1L APPROVED  ENGINE OIL', 1, '2500.00', '2500.00', '2025-06-28 00:29:57', '2025-06-28 00:29:57', 1),
(4, 2, 2, 'spare', 'DD121181', 'DD121181 - OIL FILTER WITH SPRING', 1, '450.00', '450.00', '2025-06-28 00:29:57', '2025-06-28 00:29:57', 1),
(5, 3, 1, 'spare', 'EO', 'EO - 20W /50 1L APPROVED  ENGINE OIL', 1, '2500.00', '2500.00', '2025-06-28 07:23:36', '2025-06-28 07:23:36', 1),
(6, 4, 1, 'spare', 'EO', 'EO - 20W /50 1L APPROVED  ENGINE OIL', 1, '2500.00', '2500.00', '2025-06-28 07:30:59', '2025-06-28 07:30:59', 1);

-- --------------------------------------------------------

--
-- Table structure for table `sessions`
--

CREATE TABLE `sessions` (
  `id` varchar(255) COLLATE utf8mb4_unicode_ci NOT NULL,
  `user_id` bigint(20) UNSIGNED DEFAULT NULL,
  `ip_address` varchar(45) COLLATE utf8mb4_unicode_ci DEFAULT NULL,
  `user_agent` text COLLATE utf8mb4_unicode_ci DEFAULT NULL,
  `payload` longtext COLLATE utf8mb4_unicode_ci NOT NULL,
  `last_activity` int(11) NOT NULL
) ENGINE=InnoDB DEFAULT CHARSET=utf8mb4 COLLATE=utf8mb4_unicode_ci;

--
-- Dumping data for table `sessions`
--

INSERT INTO `sessions` (`id`, `user_id`, `ip_address`, `user_agent`, `payload`, `last_activity`) VALUES
('1JGwnVhCxosjkZoV53g8okb8NRy3WKniXMIRp3Qw', 7, '127.0.0.1', 'Mozilla/5.0 (Windows NT 10.0; Win64; x64) AppleWebKit/537.36 (KHTML, like Gecko) Chrome/137.0.0.0 Safari/537.36', 'YTo4OntzOjY6Il90b2tlbiI7czo0MDoiUkNJdTg0ZnRYS0FPNUlldjVIRkxGcXFkcVc5M0tmWVQycVZrakhrdSI7czozOiJ1cmwiO2E6MDp7fXM6OToiX3ByZXZpb3VzIjthOjE6e3M6MzoidXJsIjtzOjQ0OiJodHRwOi8vMTI3LjAuMC4xOjgwMDAvcHVyY2hhc2Utb3JkZXJzL2NyZWF0ZSI7fXM6NjoiX2ZsYXNoIjthOjI6e3M6Mzoib2xkIjthOjA6e31zOjM6Im5ldyI7YTowOnt9fXM6NTA6ImxvZ2luX3dlYl81OWJhMzZhZGRjMmIyZjk0MDE1ODBmMDE0YzdmNThlYTRlMzA5ODlkIjtpOjc7czoyMToicGFzc3dvcmRfaGFzaF9zYW5jdHVtIjtzOjYwOiIkMnkkMTIkWW0uVTJTVEpoZ3F4MzFqNVovRXF1dWxVLmJuNk1lS1pxODZwMXFFclJaR3d6bnlyYUpJQS4iO3M6MTY6InRlbXBfZ3JuX2l0ZW1zXzciO2E6MTp7aTowO2E6NTp7czo3OiJpdGVtX0lEIjtzOjg6IkREMTIxMTgxIjtzOjExOiJkZXNjcmlwdGlvbiI7czoyMjoiT0lMIEZJTFRFUiBXSVRIIFNQUklORyI7czo1OiJwcmljZSI7ZDo0NTA7czozOiJxdHkiO2k6MTA7czoxMDoibGluZV90b3RhbCI7ZDo0NTAwO319czoxMzoicG9fdGVtcF9pdGVtcyI7YTowOnt9fQ==', 1751221478);

-- --------------------------------------------------------

--
-- Table structure for table `stock`
--

CREATE TABLE `stock` (
  `id` bigint(20) UNSIGNED NOT NULL,
  `item_ID` varchar(255) COLLATE utf8mb4_unicode_ci NOT NULL,
  `quantity` int(11) NOT NULL DEFAULT 0,
  `created_at` timestamp NULL DEFAULT NULL,
  `updated_at` timestamp NULL DEFAULT NULL
) ENGINE=InnoDB DEFAULT CHARSET=utf8mb4 COLLATE=utf8mb4_unicode_ci;

--
-- Dumping data for table `stock`
--

INSERT INTO `stock` (`id`, `item_ID`, `quantity`, `created_at`, `updated_at`) VALUES
(2, 'EO', 11, '2025-06-13 19:04:56', '2025-06-16 19:43:27'),
(3, 'DD121181', 8, '2025-06-13 19:38:20', '2025-06-13 22:44:58'),
(4, 'DJ151089', 5, '2025-06-16 19:43:27', '2025-06-16 19:43:27');

-- --------------------------------------------------------

--
-- Table structure for table `suppliers`
--

CREATE TABLE `suppliers` (
  `Supp_ID` int(10) UNSIGNED NOT NULL,
  `Supp_CustomID` varchar(255) COLLATE utf8mb4_unicode_ci NOT NULL,
  `Supp_Name` text COLLATE utf8mb4_unicode_ci DEFAULT NULL,
  `Company_Name` text COLLATE utf8mb4_unicode_ci DEFAULT NULL,
  `Phone` text COLLATE utf8mb4_unicode_ci DEFAULT NULL,
  `Fax` text COLLATE utf8mb4_unicode_ci DEFAULT NULL,
  `Email` text COLLATE utf8mb4_unicode_ci DEFAULT NULL,
  `Web` text COLLATE utf8mb4_unicode_ci DEFAULT NULL,
  `Address1` text COLLATE utf8mb4_unicode_ci DEFAULT NULL,
  `Supp_Group_Name` text COLLATE utf8mb4_unicode_ci DEFAULT NULL,
  `Remark` text COLLATE utf8mb4_unicode_ci DEFAULT NULL,
  `Last_GRN` text COLLATE utf8mb4_unicode_ci DEFAULT NULL,
  `Total_Orders` double NOT NULL DEFAULT 0,
  `Total_Spent` double NOT NULL DEFAULT 0,
  `status` int(11) NOT NULL DEFAULT 1,
  `created_At` datetime NOT NULL,
  `updated_at` datetime NOT NULL
) ENGINE=InnoDB DEFAULT CHARSET=utf8mb4 COLLATE=utf8mb4_unicode_ci;

--
-- Dumping data for table `suppliers`
--

INSERT INTO `suppliers` (`Supp_ID`, `Supp_CustomID`, `Supp_Name`, `Company_Name`, `Phone`, `Fax`, `Email`, `Web`, `Address1`, `Supp_Group_Name`, `Remark`, `Last_GRN`, `Total_Orders`, `Total_Spent`, `status`, `created_At`, `updated_at`) VALUES
(1, 'AM', 'AUTO MART', 'AUTO MART', '0773997951', NULL, NULL, NULL, 'Rathnapurta', NULL, NULL, NULL, 0, 0, 1, '2025-06-05 02:52:25', '2025-06-05 02:52:25'),
(2, 'DPMC', 'DAVID PIERIS MOTOR COMPANY (PVT) LTD', 'DAVID PIERIS MOTOR COMPANY (PVT) LTD', '0114700600', NULL, NULL, NULL, 'PANNIPITIYA ROAD BATTARAMULLA', NULL, NULL, NULL, 0, 0, 1, '2025-06-05 02:53:15', '2025-06-05 02:53:15'),
(3, 'RAM', 'RUWANPURA AUTO MART', 'RUWANPURA AUTO MART', '0715629798', NULL, NULL, NULL, NULL, NULL, NULL, NULL, 0, 0, 1, '2025-06-05 02:53:47', '2025-06-05 02:53:47'),
(4, 'DnD', 'D and D Motors', 'D and D Motors', '0713698026', NULL, 'dand@gmail.com', NULL, '150/7, Golden Grow , Kospelawinna,', NULL, NULL, NULL, 0, 0, 1, '2025-06-17 06:40:28', '2025-06-17 06:40:28');

-- --------------------------------------------------------

--
-- Table structure for table `supplier_groups`
--

CREATE TABLE `supplier_groups` (
  `id` bigint(20) UNSIGNED NOT NULL,
  `name` varchar(255) COLLATE utf8mb4_unicode_ci NOT NULL,
  `description` varchar(255) COLLATE utf8mb4_unicode_ci NOT NULL,
  `created_at` timestamp NULL DEFAULT NULL,
  `updated_at` timestamp NULL DEFAULT NULL
) ENGINE=InnoDB DEFAULT CHARSET=utf8mb4 COLLATE=utf8mb4_unicode_ci;

-- --------------------------------------------------------

--
-- Table structure for table `users`
--

CREATE TABLE `users` (
  `id` bigint(20) UNSIGNED NOT NULL,
  `name` varchar(255) COLLATE utf8mb4_unicode_ci NOT NULL,
  `email` varchar(255) COLLATE utf8mb4_unicode_ci NOT NULL,
  `email_verified_at` timestamp NULL DEFAULT NULL,
  `phone` varchar(255) COLLATE utf8mb4_unicode_ci NOT NULL,
  `usertype` varchar(255) COLLATE utf8mb4_unicode_ci NOT NULL DEFAULT 'user',
  `password` varchar(255) COLLATE utf8mb4_unicode_ci NOT NULL,
  `two_factor_secret` text COLLATE utf8mb4_unicode_ci DEFAULT NULL,
  `two_factor_recovery_codes` text COLLATE utf8mb4_unicode_ci DEFAULT NULL,
  `two_factor_confirmed_at` timestamp NULL DEFAULT NULL,
  `remember_token` varchar(100) COLLATE utf8mb4_unicode_ci DEFAULT NULL,
  `current_team_id` bigint(20) UNSIGNED DEFAULT NULL,
  `profile_photo_path` varchar(2048) COLLATE utf8mb4_unicode_ci DEFAULT NULL,
  `created_at` timestamp NULL DEFAULT NULL,
  `updated_at` timestamp NULL DEFAULT NULL
) ENGINE=InnoDB DEFAULT CHARSET=utf8mb4 COLLATE=utf8mb4_unicode_ci;

--
-- Dumping data for table `users`
--

INSERT INTO `users` (`id`, `name`, `email`, `email_verified_at`, `phone`, `usertype`, `password`, `two_factor_secret`, `two_factor_recovery_codes`, `two_factor_confirmed_at`, `remember_token`, `current_team_id`, `profile_photo_path`, `created_at`, `updated_at`) VALUES
(1, 'Manura Madhushan', 'madhushanm99@gmail.com', NULL, '0713698026', 'admin', '$2y$12$Ym.U2STJhgqx31j5Z/EquulU.bn6MeKZq86p1qErRZGwznyraJIA.', NULL, NULL, NULL, NULL, NULL, NULL, '2025-06-04 15:19:12', '2025-06-04 15:19:12'),
(3, 'Admin', 'admin@gmail.com', NULL, '0713698027', 'admin', '$2y$12$Ym.U2STJhgqx31j5Z/EquulU.bn6MeKZq86p1qErRZGwznyraJIA.', NULL, NULL, NULL, NULL, NULL, NULL, '2025-06-04 15:19:12', '2025-06-04 15:19:12'),
(4, 'Manager', 'manager@gmail.com', NULL, '0713698028', 'manager', '$2y$12$Ym.U2STJhgqx31j5Z/EquulU.bn6MeKZq86p1qErRZGwznyraJIA.', NULL, NULL, NULL, NULL, NULL, NULL, '2025-06-04 15:19:12', '2025-06-04 15:19:12'),
(7, 'User', 'user@gmail.com', NULL, '0713698029', 'user', '$2y$12$Ym.U2STJhgqx31j5Z/EquulU.bn6MeKZq86p1qErRZGwznyraJIA.', NULL, NULL, NULL, NULL, NULL, NULL, '2025-06-04 15:19:12', '2025-06-04 15:19:12');

-- --------------------------------------------------------

--
-- Table structure for table `vehicles`
--

CREATE TABLE `vehicles` (
  `id` bigint(20) UNSIGNED NOT NULL,
  `customer_id` bigint(20) UNSIGNED NOT NULL,
  `vehicle_no` varchar(255) COLLATE utf8mb4_unicode_ci NOT NULL,
  `brand_id` bigint(20) UNSIGNED NOT NULL,
  `model` varchar(255) COLLATE utf8mb4_unicode_ci DEFAULT NULL,
  `engine_no` varchar(255) COLLATE utf8mb4_unicode_ci DEFAULT NULL,
  `chassis_no` varchar(255) COLLATE utf8mb4_unicode_ci DEFAULT NULL,
  `route_id` bigint(20) UNSIGNED DEFAULT NULL,
  `year_of_manufacture` year(4) DEFAULT NULL,
  `date_of_purchase` date DEFAULT NULL,
  `last_entry` timestamp NULL DEFAULT NULL,
  `registration_status` tinyint(1) NOT NULL DEFAULT 0,
  `created_at` timestamp NULL DEFAULT NULL,
  `updated_at` timestamp NULL DEFAULT NULL,
  `status` tinyint(1) NOT NULL DEFAULT 1
) ENGINE=InnoDB DEFAULT CHARSET=utf8mb4 COLLATE=utf8mb4_unicode_ci;

--
-- Dumping data for table `vehicles`
--

INSERT INTO `vehicles` (`id`, `customer_id`, `vehicle_no`, `brand_id`, `model`, `engine_no`, `chassis_no`, `route_id`, `year_of_manufacture`, `date_of_purchase`, `last_entry`, `registration_status`, `created_at`, `updated_at`, `status`) VALUES
(1, 1, 'BSC-8167', 4, 'Pulser 150', '444dfdd5d4d', 'ds54f5dssd444', 1, 2015, '2016-03-15', NULL, 1, '2025-06-16 15:24:58', '2025-06-16 15:24:58', 1),
(2, 5, 'BSC-8168', 4, 'Pulser 150', '444dfdd5d4d', 'ds54f5dssd444', 11, 2015, '2016-04-11', NULL, 1, '2025-06-16 15:26:23', '2025-06-16 15:26:23', 1),
(3, 4, 'MF-7636', 4, 'CT 100', 'sdfsdf5s5dfsf', 'dfsf66ewfrw', 5, 2004, '2005-04-01', NULL, 1, '2025-06-16 15:28:01', '2025-06-16 15:28:01', 1),
(4, 6, 'BSC-8156', 4, 'Pulser 150', 'sdfsdf5s5dfsss', 'dfsf66ewfrsa', 1, 2015, '2016-04-15', NULL, 1, '2025-06-16 19:39:29', '2025-06-16 19:39:29', 1);

-- --------------------------------------------------------

--
-- Table structure for table `vehicle_brands`
--

CREATE TABLE `vehicle_brands` (
  `id` bigint(20) UNSIGNED NOT NULL,
  `name` varchar(255) COLLATE utf8mb4_unicode_ci NOT NULL,
  `created_at` timestamp NULL DEFAULT NULL,
  `updated_at` timestamp NULL DEFAULT NULL,
  `status` tinyint(1) NOT NULL DEFAULT 1
) ENGINE=InnoDB DEFAULT CHARSET=utf8mb4 COLLATE=utf8mb4_unicode_ci;

--
-- Dumping data for table `vehicle_brands`
--

INSERT INTO `vehicle_brands` (`id`, `name`, `created_at`, `updated_at`, `status`) VALUES
(1, 'Honda', '2025-06-16 20:52:58', '2025-06-16 20:52:58', 1),
(2, 'Yamaha', '2025-06-16 20:52:58', '2025-06-16 20:52:58', 1),
(3, 'Suzuki', '2025-06-16 20:52:58', '2025-06-16 20:52:58', 1),
(4, 'Bajaj', '2025-06-16 20:52:58', '2025-06-16 20:52:58', 1),
(5, 'TVS', '2025-06-16 20:52:58', '2025-06-16 20:52:58', 1),
(6, 'Hero', '2025-06-16 20:52:58', '2025-06-16 20:52:58', 1),
(7, 'KTM', '2025-06-16 20:52:58', '2025-06-16 20:52:58', 1);

-- --------------------------------------------------------

--
-- Table structure for table `vehicle_routes`
--

CREATE TABLE `vehicle_routes` (
  `id` bigint(20) UNSIGNED NOT NULL,
  `name` varchar(255) COLLATE utf8mb4_unicode_ci NOT NULL,
  `created_at` timestamp NULL DEFAULT NULL,
  `updated_at` timestamp NULL DEFAULT NULL,
  `status` tinyint(1) NOT NULL DEFAULT 1
) ENGINE=InnoDB DEFAULT CHARSET=utf8mb4 COLLATE=utf8mb4_unicode_ci;

--
-- Dumping data for table `vehicle_routes`
--

INSERT INTO `vehicle_routes` (`id`, `name`, `created_at`, `updated_at`, `status`) VALUES
(1, 'No route', '2025-06-16 20:54:13', '2025-06-16 20:54:13', 1),
(2, 'Colombo - Kandy', '2025-06-16 20:54:13', '2025-06-16 20:54:13', 1),
(3, 'Colombo - Galle', '2025-06-16 20:54:13', '2025-06-16 20:54:13', 1),
(4, 'Colombo - Kurunegala', '2025-06-16 20:54:13', '2025-06-16 20:54:13', 1),
(5, 'Colombo - Anuradhapura', '2025-06-16 20:54:13', '2025-06-16 20:54:13', 1),
(6, 'Colombo - Ratnapura', '2025-06-16 20:54:13', '2025-06-16 20:54:13', 1),
(7, 'Kandy - Nuwara Eliya', '2025-06-16 20:54:13', '2025-06-16 20:54:13', 1),
(8, 'Jaffna - Vavuniya', '2025-06-16 20:54:13', '2025-06-16 20:54:13', 1),
(9, 'Colombo - Matara', '2025-06-16 20:54:13', '2025-06-16 20:54:13', 1),
(10, 'Galle - Hambantota', '2025-06-16 20:54:13', '2025-06-16 20:54:13', 1),
(11, 'Badulla - Monaragala', '2025-06-16 20:54:13', '2025-06-16 20:54:13', 1);

--
-- Indexes for dumped tables
--

--
-- Indexes for table `cache`
--
ALTER TABLE `cache`
  ADD PRIMARY KEY (`key`);

--
-- Indexes for table `cache_locks`
--
ALTER TABLE `cache_locks`
  ADD PRIMARY KEY (`key`);

--
-- Indexes for table `category`
--
ALTER TABLE `category`
  ADD PRIMARY KEY (`iD_Auto`);

--
-- Indexes for table `customers`
--
ALTER TABLE `customers`
  ADD PRIMARY KEY (`id`);

--
-- Indexes for table `failed_jobs`
--
ALTER TABLE `failed_jobs`
  ADD PRIMARY KEY (`id`),
  ADD UNIQUE KEY `failed_jobs_uuid_unique` (`uuid`);

--
-- Indexes for table `grn`
--
ALTER TABLE `grn`
  ADD PRIMARY KEY (`grn_id`),
  ADD UNIQUE KEY `grn_grn_no_unique` (`grn_no`),
  ADD KEY `grn_supp_cus_id_foreign` (`supp_Cus_ID`);

--
-- Indexes for table `grn_items`
--
ALTER TABLE `grn_items`
  ADD PRIMARY KEY (`grn_item_id`),
  ADD KEY `grn_items_grn_id_foreign` (`grn_id`);

--
-- Indexes for table `item`
--
ALTER TABLE `item`
  ADD PRIMARY KEY (`item_ID_Auto`),
  ADD UNIQUE KEY `item_item_id_unique` (`item_ID`);

--
-- Indexes for table `item_location`
--
ALTER TABLE `item_location`
  ADD PRIMARY KEY (`iD_Auto`);

--
-- Indexes for table `item_stock`
--
ALTER TABLE `item_stock`
  ADD PRIMARY KEY (`iD_Auto`),
  ADD UNIQUE KEY `item_stock_item_id_unique` (`item_ID`);

--
-- Indexes for table `jobs`
--
ALTER TABLE `jobs`
  ADD PRIMARY KEY (`id`),
  ADD KEY `jobs_queue_index` (`queue`);

--
-- Indexes for table `job_batches`
--
ALTER TABLE `job_batches`
  ADD PRIMARY KEY (`id`);

--
-- Indexes for table `job_types`
--
ALTER TABLE `job_types`
  ADD PRIMARY KEY (`id`),
  ADD UNIQUE KEY `job_types_jobcustomid_unique` (`jobCustomID`);

--
-- Indexes for table `migrations`
--
ALTER TABLE `migrations`
  ADD PRIMARY KEY (`id`);

--
-- Indexes for table `password_reset_tokens`
--
ALTER TABLE `password_reset_tokens`
  ADD PRIMARY KEY (`email`);

--
-- Indexes for table `permissions`
--
ALTER TABLE `permissions`
  ADD PRIMARY KEY (`id`),
  ADD UNIQUE KEY `permissions_usertype_unique` (`usertype`);

--
-- Indexes for table `personal_access_tokens`
--
ALTER TABLE `personal_access_tokens`
  ADD PRIMARY KEY (`id`),
  ADD UNIQUE KEY `personal_access_tokens_token_unique` (`token`),
  ADD KEY `personal_access_tokens_tokenable_type_tokenable_id_index` (`tokenable_type`,`tokenable_id`);

--
-- Indexes for table `po`
--
ALTER TABLE `po`
  ADD PRIMARY KEY (`po_Auto_ID`),
  ADD UNIQUE KEY `po_po_no_unique` (`po_No`),
  ADD KEY `po_supp_cus_id_foreign` (`supp_Cus_ID`);

--
-- Indexes for table `po__item`
--
ALTER TABLE `po__item`
  ADD PRIMARY KEY (`po_Item_Auto_ID`);

--
-- Indexes for table `products`
--
ALTER TABLE `products`
  ADD PRIMARY KEY (`item_ID_Auto`),
  ADD UNIQUE KEY `products_item_id_unique` (`item_ID`);

--
-- Indexes for table `purchase_returns`
--
ALTER TABLE `purchase_returns`
  ADD PRIMARY KEY (`id`),
  ADD UNIQUE KEY `purchase_returns_return_no_unique` (`return_no`),
  ADD KEY `purchase_returns_supp_cus_id_foreign` (`supp_Cus_ID`);

--
-- Indexes for table `purchase_return_items`
--
ALTER TABLE `purchase_return_items`
  ADD PRIMARY KEY (`id`),
  ADD KEY `purchase_return_items_purchase_return_id_foreign` (`purchase_return_id`);

--
-- Indexes for table `quotations`
--
ALTER TABLE `quotations`
  ADD PRIMARY KEY (`id`),
  ADD UNIQUE KEY `quotations_quotation_no_unique` (`quotation_no`);

--
-- Indexes for table `quotation_items`
--
ALTER TABLE `quotation_items`
  ADD PRIMARY KEY (`id`),
  ADD KEY `quotation_items_quotation_id_foreign` (`quotation_id`);

--
-- Indexes for table `sessions`
--
ALTER TABLE `sessions`
  ADD PRIMARY KEY (`id`),
  ADD KEY `sessions_user_id_index` (`user_id`),
  ADD KEY `sessions_last_activity_index` (`last_activity`);

--
-- Indexes for table `stock`
--
ALTER TABLE `stock`
  ADD PRIMARY KEY (`id`),
  ADD UNIQUE KEY `stock_item_id_unique` (`item_ID`);

--
-- Indexes for table `suppliers`
--
ALTER TABLE `suppliers`
  ADD PRIMARY KEY (`Supp_ID`),
  ADD UNIQUE KEY `suppliers_supp_customid_unique` (`Supp_CustomID`);

--
-- Indexes for table `supplier_groups`
--
ALTER TABLE `supplier_groups`
  ADD PRIMARY KEY (`id`);

--
-- Indexes for table `users`
--
ALTER TABLE `users`
  ADD PRIMARY KEY (`id`),
  ADD UNIQUE KEY `users_email_unique` (`email`),
  ADD UNIQUE KEY `users_phone_unique` (`phone`);

--
-- Indexes for table `vehicles`
--
ALTER TABLE `vehicles`
  ADD PRIMARY KEY (`id`),
  ADD KEY `vehicles_customer_id_foreign` (`customer_id`);

--
-- Indexes for table `vehicle_brands`
--
ALTER TABLE `vehicle_brands`
  ADD PRIMARY KEY (`id`),
  ADD UNIQUE KEY `vehicle_brands_name_unique` (`name`);

--
-- Indexes for table `vehicle_routes`
--
ALTER TABLE `vehicle_routes`
  ADD PRIMARY KEY (`id`),
  ADD UNIQUE KEY `vehicle_routes_name_unique` (`name`);

--
-- AUTO_INCREMENT for dumped tables
--

--
-- AUTO_INCREMENT for table `category`
--
ALTER TABLE `category`
  MODIFY `iD_Auto` smallint(5) UNSIGNED NOT NULL AUTO_INCREMENT, AUTO_INCREMENT=7;

--
-- AUTO_INCREMENT for table `customers`
--
ALTER TABLE `customers`
  MODIFY `id` bigint(20) UNSIGNED NOT NULL AUTO_INCREMENT, AUTO_INCREMENT=8;

--
-- AUTO_INCREMENT for table `failed_jobs`
--
ALTER TABLE `failed_jobs`
  MODIFY `id` bigint(20) UNSIGNED NOT NULL AUTO_INCREMENT;

--
-- AUTO_INCREMENT for table `grn`
--
ALTER TABLE `grn`
  MODIFY `grn_id` smallint(5) UNSIGNED NOT NULL AUTO_INCREMENT, AUTO_INCREMENT=5;

--
-- AUTO_INCREMENT for table `grn_items`
--
ALTER TABLE `grn_items`
  MODIFY `grn_item_id` bigint(20) UNSIGNED NOT NULL AUTO_INCREMENT, AUTO_INCREMENT=6;

--
-- AUTO_INCREMENT for table `item`
--
ALTER TABLE `item`
  MODIFY `item_ID_Auto` smallint(5) UNSIGNED NOT NULL AUTO_INCREMENT, AUTO_INCREMENT=13;

--
-- AUTO_INCREMENT for table `item_location`
--
ALTER TABLE `item_location`
  MODIFY `iD_Auto` smallint(5) UNSIGNED NOT NULL AUTO_INCREMENT, AUTO_INCREMENT=7;

--
-- AUTO_INCREMENT for table `item_stock`
--
ALTER TABLE `item_stock`
  MODIFY `iD_Auto` smallint(5) UNSIGNED NOT NULL AUTO_INCREMENT;

--
-- AUTO_INCREMENT for table `jobs`
--
ALTER TABLE `jobs`
  MODIFY `id` bigint(20) UNSIGNED NOT NULL AUTO_INCREMENT;

--
-- AUTO_INCREMENT for table `job_types`
--
ALTER TABLE `job_types`
  MODIFY `id` bigint(20) UNSIGNED NOT NULL AUTO_INCREMENT, AUTO_INCREMENT=651;

--
-- AUTO_INCREMENT for table `migrations`
--
ALTER TABLE `migrations`
  MODIFY `id` int(10) UNSIGNED NOT NULL AUTO_INCREMENT, AUTO_INCREMENT=29;

--
-- AUTO_INCREMENT for table `permissions`
--
ALTER TABLE `permissions`
  MODIFY `id` bigint(20) UNSIGNED NOT NULL AUTO_INCREMENT;

--
-- AUTO_INCREMENT for table `personal_access_tokens`
--
ALTER TABLE `personal_access_tokens`
  MODIFY `id` bigint(20) UNSIGNED NOT NULL AUTO_INCREMENT;

--
-- AUTO_INCREMENT for table `po`
--
ALTER TABLE `po`
  MODIFY `po_Auto_ID` smallint(5) UNSIGNED NOT NULL AUTO_INCREMENT, AUTO_INCREMENT=6;

--
-- AUTO_INCREMENT for table `po__item`
--
ALTER TABLE `po__item`
  MODIFY `po_Item_Auto_ID` smallint(5) UNSIGNED NOT NULL AUTO_INCREMENT, AUTO_INCREMENT=39;

--
-- AUTO_INCREMENT for table `products`
--
ALTER TABLE `products`
  MODIFY `item_ID_Auto` smallint(5) UNSIGNED NOT NULL AUTO_INCREMENT;

--
-- AUTO_INCREMENT for table `purchase_returns`
--
ALTER TABLE `purchase_returns`
  MODIFY `id` bigint(20) UNSIGNED NOT NULL AUTO_INCREMENT, AUTO_INCREMENT=3;

--
-- AUTO_INCREMENT for table `purchase_return_items`
--
ALTER TABLE `purchase_return_items`
  MODIFY `id` bigint(20) UNSIGNED NOT NULL AUTO_INCREMENT, AUTO_INCREMENT=3;

--
-- AUTO_INCREMENT for table `quotations`
--
ALTER TABLE `quotations`
  MODIFY `id` bigint(20) UNSIGNED NOT NULL AUTO_INCREMENT, AUTO_INCREMENT=5;

--
-- AUTO_INCREMENT for table `quotation_items`
--
ALTER TABLE `quotation_items`
  MODIFY `id` bigint(20) UNSIGNED NOT NULL AUTO_INCREMENT, AUTO_INCREMENT=7;

--
-- AUTO_INCREMENT for table `stock`
--
ALTER TABLE `stock`
  MODIFY `id` bigint(20) UNSIGNED NOT NULL AUTO_INCREMENT, AUTO_INCREMENT=5;

--
-- AUTO_INCREMENT for table `suppliers`
--
ALTER TABLE `suppliers`
  MODIFY `Supp_ID` int(10) UNSIGNED NOT NULL AUTO_INCREMENT, AUTO_INCREMENT=5;

--
-- AUTO_INCREMENT for table `supplier_groups`
--
ALTER TABLE `supplier_groups`
  MODIFY `id` bigint(20) UNSIGNED NOT NULL AUTO_INCREMENT;

--
-- AUTO_INCREMENT for table `users`
--
ALTER TABLE `users`
  MODIFY `id` bigint(20) UNSIGNED NOT NULL AUTO_INCREMENT, AUTO_INCREMENT=8;

--
-- AUTO_INCREMENT for table `vehicles`
--
ALTER TABLE `vehicles`
  MODIFY `id` bigint(20) UNSIGNED NOT NULL AUTO_INCREMENT, AUTO_INCREMENT=5;

--
-- AUTO_INCREMENT for table `vehicle_brands`
--
ALTER TABLE `vehicle_brands`
  MODIFY `id` bigint(20) UNSIGNED NOT NULL AUTO_INCREMENT, AUTO_INCREMENT=8;

--
-- AUTO_INCREMENT for table `vehicle_routes`
--
ALTER TABLE `vehicle_routes`
  MODIFY `id` bigint(20) UNSIGNED NOT NULL AUTO_INCREMENT, AUTO_INCREMENT=12;

--
-- Constraints for dumped tables
--

--
-- Constraints for table `grn`
--
ALTER TABLE `grn`
  ADD CONSTRAINT `grn_supp_cus_id_foreign` FOREIGN KEY (`supp_Cus_ID`) REFERENCES `suppliers` (`Supp_CustomID`) ON DELETE SET NULL;

--
-- Constraints for table `grn_items`
--
ALTER TABLE `grn_items`
  ADD CONSTRAINT `grn_items_grn_id_foreign` FOREIGN KEY (`grn_id`) REFERENCES `grn` (`grn_id`) ON DELETE CASCADE;

--
-- Constraints for table `po`
--
ALTER TABLE `po`
  ADD CONSTRAINT `po_supp_cus_id_foreign` FOREIGN KEY (`supp_Cus_ID`) REFERENCES `suppliers` (`Supp_CustomID`) ON DELETE CASCADE;

--
-- Constraints for table `purchase_returns`
--
ALTER TABLE `purchase_returns`
  ADD CONSTRAINT `purchase_returns_supp_cus_id_foreign` FOREIGN KEY (`supp_Cus_ID`) REFERENCES `suppliers` (`Supp_CustomID`) ON DELETE CASCADE;

--
-- Constraints for table `purchase_return_items`
--
ALTER TABLE `purchase_return_items`
  ADD CONSTRAINT `purchase_return_items_purchase_return_id_foreign` FOREIGN KEY (`purchase_return_id`) REFERENCES `purchase_returns` (`id`) ON DELETE CASCADE;

--
-- Constraints for table `quotation_items`
--
ALTER TABLE `quotation_items`
  ADD CONSTRAINT `quotation_items_quotation_id_foreign` FOREIGN KEY (`quotation_id`) REFERENCES `quotations` (`id`) ON DELETE CASCADE;

--
-- Constraints for table `vehicles`
--
ALTER TABLE `vehicles`
  ADD CONSTRAINT `vehicles_customer_id_foreign` FOREIGN KEY (`customer_id`) REFERENCES `customers` (`id`) ON DELETE CASCADE;
COMMIT;

/*!40101 SET CHARACTER_SET_CLIENT=@OLD_CHARACTER_SET_CLIENT */;
/*!40101 SET CHARACTER_SET_RESULTS=@OLD_CHARACTER_SET_RESULTS */;
/*!40101 SET COLLATION_CONNECTION=@OLD_COLLATION_CONNECTION */;
